name,id,smc section,rhb section,f section,height m,height f,map 50,map 25,gref,gref2,x,y,air_closest,air_closest_x,air_closest_y,air_closest_pass_scotland,air_closest_pass_AF,air_closest_pass_AS,air_closest_pass_CA,air_closest_pass_EU,air_closest_pass_NA,air_closest_pass_OC,air_closest_pass_SA,air_closest_total,road_closest,road_closest_type,road_closest_numbers_2019_daily_av,road_closest_distance_m,road_closest_angle,road_closest_x,road_closest_y,station_closest_name,station_closest_line,station_closest_x,station_closest_y,station_closest_route_max_4_weeks,station_closest_route_commuter,station_closest_route_off peak,station_closest_route_peak,station_closest_route_total,station_closest_route_percent off peak
A' Bhuidheanach Bheag,113,5,05B,5,936,3071,42,OL51W 394W,NN660775,NN6605977594,266059,777594,Inverness,277161,851964,89,2,700,0,3121,108,62,3,4085,A9,A Road,9965.581518,7291.558679,109.7457158,263595.5736,784456.8244,Dalwhinnie,HGL2,263426.6504,784927.425,2019/P08,31868,200738,112875,4085,0.576131615
A' Chailleach,163,9,09B,9.2,929.2,3049,35,OL56 402,NH681041,NH6811004178,268110,804178,Inverness,277161,851964,89,2,700,0,3121,108,62,3,4085,A86,A Road,1161.698413,6183.250453,301.8926373,271376.792,798928.1756,Newtonmore,HGL2,271640.9566,798503.6558,2019/P08,31868,200738,112875,4085,0.576131615
A' Chailleach,249,14,14B,14.2,997,3271,19,435S,NH136714,NH1362171416,213621,871416,Inverness,277161,851964,89,2,700,0,3121,108,62,3,4085,A832,A Road,1022.038961,12697.01661,282.143827,216292.0261,859003.1095,Achnasheen,KYL,216397.2093,858514.2982,2019/P08,31868,200738,112875,4085,0.576131615
A' Chraileag [A' Chralaig],214,11,11B,11.2,1120,3675,33,414N 414S,NH094147,NH0943114791,209431,814791,Inverness,277161,851964,89,2,700,0,3121,108,62,3,4085,A87,A Road,2096.384615,29096.84249,124.9788438,192750.5388,838631.8988,Attadale,KYL,192463.9018,839041.5807,2019/P08,31868,200738,112875,4085,0.576131615
A' Ghlas-bheinn,204,11,11A,11.1,918,3012,25 33,414N,NH008231,NH0082223105,200822,823105,Inverness,277161,851964,89,2,700,0,3121,108,62,3,4085,A87,A Road,2096.384615,17495.34412,117.6752103,192696.1313,838598.7834,Attadale,KYL,192463.9018,839041.5807,2019/P08,31868,200738,112875,4085,0.576131615
A' Mhaighdean,243,14,14A,14.1,967,3173,19,433 435S,NH007749,NH0077674912,200776,874912,Inverness,277161,851964,89,2,700,0,3121,108,62,3,4085,A832,A Road,1022.038961,22147.44587,313.610789,216052.3314,858876.3192,Achnasheen,KYL,216397.2093,858514.2982,2019/P08,31868,200738,112875,4085,0.576131615
A' Mharconaich,109,5,05A,5,973.2,3193,42,OL50 393,NN604762,NN6042376293,260423,776293,Inverness,277161,851964,89,2,700,0,3121,108,62,3,4085,A9,A Road,9965.581518,8641.947867,70.8187891,263262.3719,784455.1829,Dalwhinnie,HGL2,263426.6504,784927.425,2019/P08,31868,200738,112875,4085,0.576131615
Am Basteir,271,17,17B,17.2,934,3064,32,411,NG465253,NG4656325301,146563,825301,Inverness,277161,851964,89,2,700,0,3121,108,62,3,4085,A863,A Road,778.3428571,29238.82886,3.436735345,175749.2457,827053.7621,Kyle Of Lochalsh,KYL,176248.3465,827083.7353,2019/P08,31868,200738,112875,4085,0.576131615
Am Bodach,89,4,04A,4.1,1031.8,3385,41,392,NN176650,NN1763765097,217637,765097,Glasgow,247644,666892,22,214,2555,0,3669,1636,839,158,9093,B863,B Road,777.2,11027.27443,127.9507675,210855.4012,773792.4413,Fort William,WHL,210547.9091,774186.711,2019/P08,31868,200738,112875,9093,0.576131615
Am Faochagach,259,15,15A,15.1,953,3127,20,436N 436S,NH303793,NH3036179372,230361,879372,Inverness,277161,851964,89,2,700,0,3121,108,62,3,4085,A835,A Road,2414.327381,16432.52741,276.211455,232138.9684,863035.9422,Lochluichart,KYL,232193.0675,862538.8775,2019/P08,31868,200738,112875,4085,0.576131615
An Caisteal,8,1,01C,1.3,995.8,3267,50 56,OL39N 364N,NN378193,NN3787319343,237873,719343,Glasgow,247644,666892,22,214,2555,0,3669,1636,839,158,9093,A82,A Road,12752.39019,5285.673537,84.19170671,238407.9117,724601.5373,Crianlarich,WHL,238458.5119,725098.9703,2019/P08,31868,200738,112875,9093,0.576131615
An Coileachan,257,14,14B,14.2,923.9,3031,20,436S,NH241680,NH2417268024,224172,868024,Inverness,277161,851964,89,2,700,0,3121,108,62,3,4085,A832,A Road,1022.038961,6306.732883,285.8050896,225889.7378,861955.7007,Achanalt,KYL,226025.9207,861474.6038,2019/P08,31868,200738,112875,4085,0.576131615
An Gearanach,87,4,04A,4.1,981.4,3220,41,392,NN187669,NN1877266989,218772,766989,Inverness,277161,851964,89,2,700,0,3121,108,62,3,4085,B863,B Road,777.2,10428.98508,138.807638,210924.1605,773857.4164,Fort William,WHL,210547.9091,774186.711,2019/P08,31868,200738,112875,4085,0.576131615
An Riabhachan,230,12,12B,12.2,1129,3704,25,430,NH133344,NH1336334482,213363,834482,Inverness,277161,851964,89,2,700,0,3121,108,62,3,4085,A890,A Road,714.9047619,18620.10261,133.0902333,200642.6899,848079.865,Achnashellach,KYL,200301.1153,848445.0044,2019/P08,31868,200738,112875,4085,0.576131615
An Sgarsoch,115,6,06A,6.1,1006.5,3302,43,OL51E 394E,NN933836,NN9333983685,293339,783685,Dundee,337735,729353,3,0,6,0,119,3,0,0,131,B8079,B Road,,18960.55633,251.1473389,287212.1686,765741.627,Blair Atholl,HGL2,287050.6008,765268.4507,2019/P08,31868,200738,112875,131,0.576131615
An Socach,125,6,06B,6.2,944,3097,43,OL52N 387N,NO079800,NO0793980015,307939,780015,Dundee,337735,729353,3,0,6,0,119,3,0,0,131,A93,A Road,5186.125,25069.23811,215.2208825,287459.0682,765556.8158,Blair Atholl,HGL2,287050.6008,765268.4507,2019/P08,31868,200738,112875,131,0.576131615
An Socach,125,6,06B,6.2,944,3097,43,OL52N 387N,NO079800,NO0793980015,307939,780015,Inverness,277161,851964,89,2,700,0,3121,108,62,3,4085,A93,A Road,5186.125,25069.23811,215.2208825,287459.0682,765556.8158,Blair Atholl,HGL2,287050.6008,765268.4507,2019/P08,31868,200738,112875,4085,0.576131615
An Socach,231,12,12B,12.2,1069,3507,25,429 430,NH100332,NH1006133274,210061,833274,Dundee,337735,729353,3,0,6,0,119,3,0,0,131,A890,A Road,714.9047619,17539.25508,122.7541853,200571.6333,848024.5047,Achnashellach,KYL,200301.1153,848445.0044,2019/P08,31868,200738,112875,131,0.576131615
An Socach,231,12,12B,12.2,1069,3507,25,429 430,NH100332,NH1006133274,210061,833274,Inverness,277161,851964,89,2,700,0,3121,108,62,3,4085,A890,A Road,714.9047619,17539.25508,122.7541853,200571.6333,848024.5047,Achnashellach,KYL,200301.1153,848445.0044,2019/P08,31868,200738,112875,4085,0.576131615
An Socach,207,11,11A,11.1,921,3022,25 33,414N,NH088229,NH0881722997,208817,822997,Dundee,337735,729353,3,0,6,0,119,3,0,0,131,A87,A Road,2096.384615,22409.65715,135.5456013,192820.8058,838691.41,Attadale,KYL,192463.9018,839041.5807,2019/P08,31868,200738,112875,131,0.576131615
An Socach,207,11,11A,11.1,921,3022,25 33,414N,NH088229,NH0881722997,208817,822997,Inverness,277161,851964,89,2,700,0,3121,108,62,3,4085,A87,A Road,2096.384615,22409.65715,135.5456013,192820.8058,838691.41,Attadale,KYL,192463.9018,839041.5807,2019/P08,31868,200738,112875,4085,0.576131615
An Stuc,34,2,02B,2.2,1117.1,3665,51,OL48E 378E,NN638431,NN6389043103,263890,743103,Dundee,337735,729353,3,0,6,0,119,3,0,0,131,A827,A Road,1513.814516,25703.8163,145.6696776,242663.7899,757599.0055,Rannoch,WHL,242250.8899,757880.9871,2019/P08,31868,200738,112875,131,0.576131615
An Teallach - Bidein a' Ghlas Thuill,247,14,14A,14.1,1062.5,3486,19,435N,NH068843,NH0689684366,206896,884366,Inverness,277161,851964,89,2,700,0,3121,108,62,3,4085,A832,A Road,1022.038961,27042.39394,290.1797642,216224.7259,858983.6057,Achnasheen,KYL,216397.2093,858514.2982,2019/P08,31868,200738,112875,4085,0.576131615
An Teallach - Sgurr Fiona,248,14,14A,14.1,1058.6,3473,19,435N,NH064836,NH0640683679,206406,883679,Inverness,277161,851964,89,2,700,0,3121,108,62,3,4085,A832,A Road,1022.038961,26575.5698,291.6546957,216212.7033,858979.0105,Achnasheen,KYL,216397.2093,858514.2982,2019/P08,31868,200738,112875,4085,0.576131615
Aonach air Chrith,177,10,10A,10.1,1019.5,3345,33,414S,NH051083,NH0510308354,205103,808354,Inverness,277161,851964,89,2,700,0,3121,108,62,3,4085,A87,A Road,2096.384615,29540.71638,270.626207,205425.8551,778815.0479,Loch Eil,MLG2,205431.3197,778315.0778,2019/P08,31868,200738,112875,4085,0.576131615
Aonach Beag,74,4,04A,4.1,1234,4049,41,392,NN197715,NN1970771502,219707,771502,Inverness,277161,851964,89,2,700,0,3121,108,62,3,4085,A82,A Road,12752.39019,9044.454896,163.6630937,211027.7213,774046.0686,Fort William,WHL,210547.9091,774186.711,2019/P08,31868,200738,112875,4085,0.576131615
Aonach Beag,99,4,04B,4.2,1115.8,3661,42,OL50 393,NN457741,NN4578674190,245786,774190,Inverness,277161,851964,89,2,700,0,3121,108,62,3,4085,A86,A Road,1161.698413,11375.18369,149.4810169,235986.7234,779966.5891,Tulloch,WHL,235555.9929,780220.501,2019/P08,31868,200738,112875,4085,0.576131615
Aonach Eagach - Meall Dearg,48,3,03A,3.1,952.2,3124,41,384,NN161583,NN1612458363,216124,758363,Glasgow,247644,666892,22,214,2555,0,3669,1636,839,158,9093,A82,A Road,12752.39019,16277.44377,109.4118622,210714.0873,773715.1341,Fort William,WHL,210547.9091,774186.711,2019/P08,31868,200738,112875,9093,0.576131615
Aonach Eagach - Sgorr nam Fiannaidh,47,3,03A,3.1,967.7,3175,41,384,NN140583,NN1404458304,214044,758304,Glasgow,247644,666892,22,214,2555,0,3669,1636,839,158,9093,A82,A Road,12752.39019,15762.93824,102.4139371,210655.3955,773698.401,Fort William,WHL,210547.9091,774186.711,2019/P08,31868,200738,112875,9093,0.576131615
Aonach Meadhoin,201,11,11A,11.1,1001,3284,33,414N 414S,NH048137,NH0488513766,204885,813766,Inverness,277161,851964,89,2,700,0,3121,108,62,3,4085,A87,A Road,2096.384615,27307.10455,131.3372941,186848.9161,834269.1128,Stromeferry,KYL,186518.6708,834644.53,2019/P08,31868,200738,112875,4085,0.576131615
Aonach Mor,75,4,04A,4.1,1221,4006,41,392,NN193729,NN1930472961,219304,772961,Inverness,277161,851964,89,2,700,0,3121,108,62,3,4085,A82,A Road,12752.39019,8341.464545,172.0312992,211043.0811,774117.3949,Fort William,WHL,210547.9091,774186.711,2019/P08,31868,200738,112875,4085,0.576131615
Beinn a' Bheithir - Sgorr Dhearg,55,3,03B,3.2,1024,3360,41,384,NN056558,NN0568455846,205684,755846,Glasgow,247644,666892,22,214,2555,0,3669,1636,839,158,9093,A82,A Road,12752.39019,18474.70136,75.14720475,210419.7408,773703.4172,Fort William,WHL,210547.9091,774186.711,2019/P08,31868,200738,112875,9093,0.576131615
Beinn a' Bheithir - Sgorr Dhonuill,56,3,03B,3.2,1001,3284,41,384,NN040555,NN0405855540,204058,755540,Glasgow,247644,666892,22,214,2555,0,3669,1636,839,158,9093,A828,A Road,2629.174603,19243.82818,70.8097637,210383.5562,773714.4948,Fort William,WHL,210547.9091,774186.711,2019/P08,31868,200738,112875,9093,0.576131615
Beinn a' Bhuird [Beinn a' Bhuird North Top],160,8,08B,8,1197,3927,36,OL58S 404S,NJ092006,NJ0923100621,309231,800621,Inverness,277161,851964,89,2,700,0,3121,108,62,3,4085,A93,A Road,5186.125,22473.39748,148.699262,290028.5575,812296.6068,Aviemore,HGL2,289601.3314,812556.3719,2019/P08,31868,200738,112875,4085,0.576131615
Beinn a' Chaorainn,158,8,08B,8,1083,3553,36,OL57S OL58S 403S 404S,NJ045013,NJ0451501361,304515,801361,Inverness,277161,851964,89,2,700,0,3121,108,62,3,4085,A93,A Road,5186.125,18148.15978,143.1052266,290001.2011,812256.1983,Aviemore,HGL2,289601.3314,812556.3719,2019/P08,31868,200738,112875,4085,0.576131615
Beinn a' Chaorainn,168,9,09C,9.3,1052,3451,34 41,OL55 400 401,NN386850,NN3860685063,238606,785063,Inverness,277161,851964,89,2,700,0,3121,108,62,3,4085,A86,A Road,1161.698413,5222.966003,237.7955716,235822.4637,780643.577,Tulloch,WHL,235555.9929,780220.501,2019/P08,31868,200738,112875,4085,0.576131615
Beinn a' Chlachair,102,4,04B,4.2,1087,3566,42,OL50 393,NN471781,NN4712278155,247122,778155,Inverness,277161,851964,89,2,700,0,3121,108,62,3,4085,A86,A Road,1161.698413,11248.99207,169.8746438,236048.2056,780132.5998,Tulloch,WHL,235555.9929,780220.501,2019/P08,31868,200738,112875,4085,0.576131615
Beinn a' Chleibh,15,1,01D,1.4,916.3,3006,50,OL39N 364N 377E,NN250256,NN2505425606,225054,725606,Glasgow,247644,666892,22,214,2555,0,3669,1636,839,158,9093,A85,A Road,7041.860941,8449.058951,30.36428123,232344.0928,729876.9652,Tyndrum Lower,OBN2,232775.5073,730129.7132,2019/P08,31868,200738,112875,9093,0.576131615
Beinn a' Chochuill,63,3,03C,3.3,980,3215,50,377W,NN109328,NN1097832848,210978,732848,Glasgow,247644,666892,22,214,2555,0,3669,1636,839,158,9093,B8077,B Road,,5077.948486,285.0740289,212298.6061,727944.7806,Loch Awe,OBN2,212428.6395,727461.9853,2019/P08,31868,200738,112875,9093,0.576131615
Beinn a' Chreachain,31,2,02A,2.1,1080.6,3545,50,OL48W 377E 378W,NN373440,NN3738744075,237387,744075,Glasgow,247644,666892,22,214,2555,0,3669,1636,839,158,9093,A82,A Road,12752.39019,13988.38924,254.1784269,233573.1703,730616.5552,Tyndrum Upper,WHL,233436.849,730135.4975,2019/P08,31868,200738,112875,9093,0.576131615
Beinn a' Chroin,10,1,01C,1.3,941.4,3089,50 56,OL39N 364N,NN387185,NN3875518573,238755,718573,Glasgow,247644,666892,22,214,2555,0,3669,1636,839,158,9093,A82,A Road,12752.39019,6032.701857,92.60127501,238481.2045,724599.4855,Crianlarich,WHL,238458.5119,725098.9703,2019/P08,31868,200738,112875,9093,0.576131615
Beinn a' Ghlo - Braigh Coire Chruinn-bhalgain,119,6,06B,6.2,1070,3510,43,OL51E 394E,NN945724,NN9456372403,294563,772403,Dundee,337735,729353,3,0,6,0,119,3,0,0,131,A9,A Road,9965.581518,9860.402282,223.5222585,287413.1543,765612.7689,Blair Atholl,HGL2,287050.6008,765268.4507,2019/P08,31868,200738,112875,131,0.576131615
Beinn a' Ghlo - Carn Liath,120,6,06B,6.2,976,3202,43,OL51E 394E,NN936698,NN9360669831,293606,769831,Dundee,337735,729353,3,0,6,0,119,3,0,0,131,A9,A Road,9965.581518,7486.871402,214.8378665,287460.9867,765554.0788,Blair Atholl,HGL2,287050.6008,765268.4507,2019/P08,31868,200738,112875,131,0.576131615
Beinn a' Ghlo - Carn nan Gabhar,118,6,06B,6.2,1121.9,3681,43,OL51E 394E,NN971733,NN9711973309,297119,773309,Dundee,337735,729353,3,0,6,0,119,3,0,0,131,A924,A Road,2006.952381,12384.99497,218.6106056,287441.3033,765580.4628,Blair Atholl,HGL2,287050.6008,765268.4507,2019/P08,31868,200738,112875,131,0.576131615
Beinn Achaladair,30,2,02A,2.1,1038.5,3407,50,377E,NN344432,NN3446843242,234468,743242,Glasgow,247644,666892,22,214,2555,0,3669,1636,839,158,9093,A82,A Road,12752.39019,12647.00271,265.5015342,233476.0652,730633.9572,Tyndrum Upper,WHL,233436.849,730135.4975,2019/P08,31868,200738,112875,9093,0.576131615
Beinn Alligin - Sgurr Mhor,232,13,13A,13.1,986,3235,19 24,433,NG865612,NG8656561270,186565,861270,Inverness,277161,851964,89,2,700,0,3121,108,62,3,4085,A896,A Road,667.1587302,18292.58832,316.9646337,199935.649,848786.2292,Achnashellach,KYL,200301.1153,848445.0044,2019/P08,31868,200738,112875,4085,0.576131615
Beinn Alligin - Tom na Gruagaich,233,13,13A,13.1,922,3025,19 24,433,NG859601,NG8595860153,185958,860153,Inverness,277161,851964,89,2,700,0,3121,108,62,3,4085,A896,A Road,667.1587302,18014.91608,320.7759319,199913.7758,848761.1818,Achnashellach,KYL,200301.1153,848445.0044,2019/P08,31868,200738,112875,4085,0.576131615
Beinn an Dothaidh,29,2,02A,2.1,1004,3294,50,377E,NN331408,NN3317840868,233178,740868,Glasgow,247644,666892,22,214,2555,0,3669,1636,839,158,9093,A82,A Road,12752.39019,10235.62354,271.3816051,233424.7934,730635.3521,Tyndrum Upper,WHL,233436.849,730135.4975,2019/P08,31868,200738,112875,9093,0.576131615
Beinn Bheoil,106,4,04B,4.2,1019,3343,42,OL50 385E 393,NN517717,NN5171671722,251716,771722,Inverness,277161,851964,89,2,700,0,3121,108,62,3,4085,A9,A Road,9965.581518,16267.8844,235.6339153,242533.1291,758293.711,Rannoch,WHL,242250.8899,757880.9871,2019/P08,31868,200738,112875,4085,0.576131615
Beinn Bhreac,157,8,08B,8,931,3054,36 43,OL57S OL58S 403S 404S,NO058970,NO0587097075,305870,797075,Inverness,277161,851964,89,2,700,0,3121,108,62,3,4085,A93,A Road,5186.125,21957.57008,136.420456,289963.5404,812211.6914,Aviemore,HGL2,289601.3314,812556.3719,2019/P08,31868,200738,112875,4085,0.576131615
Beinn Bhrotain,150,8,08A,8,1157,3796,43,OL57S 403S,NN954922,NN9541392292,295413,792292,Inverness,277161,851964,89,2,700,0,3121,108,62,3,4085,B970,B Road,744.9473684,20581.27749,106.002491,289739.171,812075.747,Aviemore,HGL2,289601.3314,812556.3719,2019/P08,31868,200738,112875,4085,0.576131615
Beinn Bhuidhe,20,1,01D,1.4,948.5,3112,50 56,OL39N 364N,NN203187,NN2036818717,220368,718717,Glasgow,247644,666892,22,214,2555,0,3669,1636,839,158,9093,A83,A Road,2596.6,9014.122965,117.0884938,216263.2738,726742.3122,Dalmally,OBN2,216035.5907,727187.4643,2019/P08,31868,200738,112875,9093,0.576131615
Beinn Chabhair,11,1,01C,1.3,932.1,3058,50 56,OL39N 364N,NN367179,NN3676017957,236760,717957,Glasgow,247644,666892,22,214,2555,0,3669,1636,839,158,9093,A82,A Road,12752.39019,5125.678492,205.8619553,232147.6704,715721.1566,Ardlui,WHL,231697.7466,715503.0544,2019/P08,31868,200738,112875,9093,0.576131615
Beinn Dearg,114,6,06A,6.1,1008.7,3309,43,OL51E 394E,NN852778,NN8529677800,285296,777800,Dundee,337735,729353,3,0,6,0,119,3,0,0,131,B8079,B Road,,12153.78804,277.970435,286981.2698,765763.6206,Blair Atholl,HGL2,287050.6008,765268.4507,2019/P08,31868,200738,112875,131,0.576131615
Beinn Dearg,114,6,06A,6.1,1008.7,3309,43,OL51E 394E,NN852778,NN8529677800,285296,777800,Inverness,277161,851964,89,2,700,0,3121,108,62,3,4085,B8079,B Road,,12153.78804,277.970435,286981.2698,765763.6206,Blair Atholl,HGL2,287050.6008,765268.4507,2019/P08,31868,200738,112875,4085,0.576131615
Beinn Dearg,261,15,15A,15.1,1084,3556,20,436N,NH259811,NH2593381183,225933,881183,Dundee,337735,729353,3,0,6,0,119,3,0,0,131,A835,A Road,2414.327381,19167.02186,288.5603145,232033.9161,863012.8721,Lochluichart,KYL,232193.0675,862538.8775,2019/P08,31868,200738,112875,131,0.576131615
Beinn Dearg,261,15,15A,15.1,1084,3556,20,436N,NH259811,NH2593381183,225933,881183,Inverness,277161,851964,89,2,700,0,3121,108,62,3,4085,A835,A Road,2414.327381,19167.02186,288.5603145,232033.9161,863012.8721,Lochluichart,KYL,232193.0675,862538.8775,2019/P08,31868,200738,112875,4085,0.576131615
Beinn Dorain,28,2,02A,2.1,1076,3530,50,377E,NN325378,NN3255437855,232554,737855,Glasgow,247644,666892,22,214,2555,0,3669,1636,839,158,9093,A82,A Road,12752.39019,7228.461789,271.642393,232761.1767,730629.5078,Tyndrum Lower,OBN2,232775.5073,730129.7132,2019/P08,31868,200738,112875,9093,0.576131615
Beinn Dubhchraig,14,1,01D,1.4,978,3209,50,OL39N 364N 377E,NN307254,NN3076325493,230763,725493,Glasgow,247644,666892,22,214,2555,0,3669,1636,839,158,9093,A82,A Road,12752.39019,4554.631038,66.53734957,232576.4317,729671.0533,Tyndrum Lower,OBN2,232775.5073,730129.7132,2019/P08,31868,200738,112875,9093,0.576131615
Beinn Eibhinn,98,4,04B,4.2,1103.2,3619,42,OL50 393,NN449733,NN4496573302,244965,773302,Inverness,277161,851964,89,2,700,0,3121,108,62,3,4085,A86,A Road,1161.698413,11117.37362,216.5699025,236036.2975,766678.2346,Corrour,WHL,235634.7322,766380.3331,2019/P08,31868,200738,112875,4085,0.576131615
Beinn Eighe - Ruadh-stac Mor,236,13,13A,13.1,1010,3314,19,433,NG951611,NG9514261152,195142,861152,Inverness,277161,851964,89,2,700,0,3121,108,62,3,4085,A896,A Road,667.1587302,13214.3796,292.0974431,200113.0238,848908.2771,Achnashellach,KYL,200301.1153,848445.0044,2019/P08,31868,200738,112875,4085,0.576131615
Beinn Eighe - Spidean Coire nan Clach,237,13,13A,13.1,993,3258,25,433,NG966597,NG9661559780,196615,859780,Inverness,277161,851964,89,2,700,0,3121,108,62,3,4085,A896,A Road,667.1587302,11419.29408,288.0144099,200146.4872,848920.4938,Achnashellach,KYL,200301.1153,848445.0044,2019/P08,31868,200738,112875,4085,0.576131615
Beinn Eunaich,62,3,03C,3.3,989,3245,50,377W,NN135327,NN1356232797,213562,732797,Glasgow,247644,666892,22,214,2555,0,3669,1636,839,158,9093,B8077,B Road,,4954.070762,258.0064929,212532.5399,727951.0709,Loch Awe,OBN2,212428.6395,727461.9853,2019/P08,31868,200738,112875,9093,0.576131615
Beinn Fhada,203,11,11A,11.1,1032,3386,33,414N,NH018192,NH0185519253,201855,819253,Inverness,277161,851964,89,2,700,0,3121,108,62,3,4085,A87,A Road,2096.384615,21227.91267,134.8970716,186871.5885,834290.342,Stromeferry,KYL,186518.6708,834644.53,2019/P08,31868,200738,112875,4085,0.576131615
Beinn Fhionnlaidh,58,3,03B,3.2,959,3146,50,384,NN095497,NN0950949769,209509,749769,Glasgow,247644,666892,22,214,2555,0,3669,1636,839,158,9093,A82,A Road,12752.39019,20190.57693,243.6215321,200538.3563,731680.6903,Taynuilt,OBN2,200316.207,731232.7509,2019/P08,31868,200738,112875,9093,0.576131615
Beinn Fhionnlaidh,58,3,03B,3.2,959,3146,50,384,NN095497,NN0950949769,209509,749769,Inverness,277161,851964,89,2,700,0,3121,108,62,3,4085,A82,A Road,12752.39019,20190.57693,243.6215321,200538.3563,731680.6903,Taynuilt,OBN2,200316.207,731232.7509,2019/P08,31868,200738,112875,4085,0.576131615
Beinn Fhionnlaidh,210,11,11A,11.1,1004.7,3296,25,414N,NH115282,NH1156028271,211560,828271,Glasgow,247644,666892,22,214,2555,0,3669,1636,839,158,9093,A87,A Road,2096.384615,21424.10489,150.5761337,192899.4064,838795.9474,Attadale,KYL,192463.9018,839041.5807,2019/P08,31868,200738,112875,9093,0.576131615
Beinn Fhionnlaidh,210,11,11A,11.1,1004.7,3296,25,414N,NH115282,NH1156028271,211560,828271,Inverness,277161,851964,89,2,700,0,3121,108,62,3,4085,A87,A Road,2096.384615,21424.10489,150.5761337,192899.4064,838795.9474,Attadale,KYL,192463.9018,839041.5807,2019/P08,31868,200738,112875,4085,0.576131615
Beinn Ghlas,37,2,02B,2.2,1103,3619,51,OL48E 378E,NN625404,NN6253040463,262530,740463,Glasgow,247644,666892,22,214,2555,0,3669,1636,839,158,9093,A827,A Road,1513.814516,26232.53787,139.3402967,242630.1863,757555.2046,Rannoch,WHL,242250.8899,757880.9871,2019/P08,31868,200738,112875,9093,0.576131615
Beinn Ime,17,1,01D,1.4,1011,3317,56,OL39S 364S,NN254084,NN2549608490,225496,708490,Glasgow,247644,666892,22,214,2555,0,3669,1636,839,158,9093,A83,A Road,2596.6,6406.323096,324.7811954,230729.682,704795.4704,Arrochar & Tarbet,WHL,231138.1598,704507.1202,2019/P08,31868,200738,112875,9093,0.576131615
Beinn Iutharn Mhor,123,6,06B,6.2,1045,3428,43,OL52N 387N,NO045792,NO0456679279,304566,779279,Dundee,337735,729353,3,0,6,0,119,3,0,0,131,A93,A Road,5186.125,21929.54972,218.6562775,287441.0545,765580.7742,Blair Atholl,HGL2,287050.6008,765268.4507,2019/P08,31868,200738,112875,131,0.576131615
Beinn Liath Mhor,240,13,13B,13.2,926,3038,25,429,NG964519,NG9640951981,196409,851981,Inverness,277161,851964,89,2,700,0,3121,108,62,3,4085,A896,A Road,667.1587302,4758.500394,317.7447819,199931.0369,848781.2215,Achnashellach,KYL,200301.1153,848445.0044,2019/P08,31868,200738,112875,4085,0.576131615
Beinn Liath Mhor Fannaich,255,14,14B,14.2,954,3130,20,436S,NH219724,NH2196072411,221960,872411,Inverness,277161,851964,89,2,700,0,3121,108,62,3,4085,A835,A Road,2414.327381,11167.75355,290.3940691,225851.6832,861943.2628,Achanalt,KYL,226025.9207,861474.6038,2019/P08,31868,200738,112875,4085,0.576131615
Beinn Mhanach,32,2,02A,2.1,953,3127,50,OL48W 377E 378W,NN373411,NN3737041140,237370,741140,Glasgow,247644,666892,22,214,2555,0,3669,1636,839,158,9093,A82,A Road,12752.39019,11186.26339,250.3324558,233605.1299,730606.3282,Tyndrum Upper,WHL,233436.849,730135.4975,2019/P08,31868,200738,112875,9093,0.576131615
Beinn Mheadhoin,155,8,08A,8,1182.9,3881,36,OL57S 403S,NJ024016,NJ0246001695,302460,801695,Inverness,277161,851964,89,2,700,0,3121,108,62,3,4085,B970,B Road,744.9473684,16331.95644,139.8131182,289983.3033,812233.7305,Aviemore,HGL2,289601.3314,812556.3719,2019/P08,31868,200738,112875,4085,0.576131615
Beinn na Lap,95,4,04B,4.2,935,3068,41,OL50 385W 393,NN376695,NN3761669585,237616,769585,Inverness,277161,851964,89,2,700,0,3121,108,62,3,4085,A86,A Road,1161.698413,3267.666657,238.2737972,235897.6625,766805.6185,Corrour,WHL,235634.7322,766380.3331,2019/P08,31868,200738,112875,4085,0.576131615
Beinn nan Aighenan,64,3,03C,3.3,960,3150,50,377W,NN148405,NN1485140528,214851,740528,Glasgow,247644,666892,22,214,2555,0,3669,1636,839,158,9093,B8077,B Road,,12788.66323,259.4969569,212519.7834,727953.6079,Loch Awe,OBN2,212428.6395,727461.9853,2019/P08,31868,200738,112875,9093,0.576131615
Beinn Narnain,19,1,01D,1.4,927,3041,56,OL39S 364S,NN271066,NN2716806655,227168,706655,Glasgow,247644,666892,22,214,2555,0,3669,1636,839,158,9093,A83,A Road,2596.6,4013.929161,331.5863513,230698.3922,704745.0371,Arrochar & Tarbet,WHL,231138.1598,704507.1202,2019/P08,31868,200738,112875,9093,0.576131615
Beinn Sgritheall,182,10,10A,10.1,974,3196,33,413S,NG835126,NG8358812682,183588,812682,Inverness,277161,851964,89,2,700,0,3121,108,62,3,4085,A87,A Road,2096.384615,15664.17314,117.0050622,176475.3811,826638.2521,Kyle Of Lochalsh,KYL,176248.3465,827083.7353,2019/P08,31868,200738,112875,4085,0.576131615
Beinn Sgulaird,59,3,03B,3.2,937,3074,50,384,NN053460,NN0530346088,205303,746088,Glasgow,247644,666892,22,214,2555,0,3669,1636,839,158,9093,A828,A Road,2629.174603,15169.92439,251.4434935,200475.3269,731706.756,Taynuilt,OBN2,200316.207,731232.7509,2019/P08,31868,200738,112875,9093,0.576131615
Beinn Sheasgarnaich [Beinn Heasgarnich],42,2,02B,2.2,1077.4,3535,51,OL48W 378W,NN413383,NN4138038339,241380,738339,Glasgow,247644,666892,22,214,2555,0,3669,1636,839,158,9093,A82,A Road,12752.39019,10918.89229,225.9237672,233784.6564,730494.705,Tyndrum Upper,WHL,233436.849,730135.4975,2019/P08,31868,200738,112875,9093,0.576131615
Beinn Tarsuinn,244,14,14A,14.1,937,3074,19,435S,NH039727,NH0396272794,203962,872794,Inverness,277161,851964,89,2,700,0,3121,108,62,3,4085,A832,A Road,1022.038961,18435.26641,311.0503636,216068.8482,858891.3645,Achnasheen,KYL,216397.2093,858514.2982,2019/P08,31868,200738,112875,4085,0.576131615
Beinn Teallach,169,9,09C,9.3,914.6,3001,34 41,400,NN361859,NN3613685973,236136,785973,Inverness,277161,851964,89,2,700,0,3121,108,62,3,4085,A86,A Road,1161.698413,5281.665243,264.2424974,235606.1521,780717.9787,Tulloch,WHL,235555.9929,780220.501,2019/P08,31868,200738,112875,4085,0.576131615
Beinn Tulaichean,9,1,01C,1.3,945.8,3103,56,OL46N 365N,NN416196,NN4166019604,241660,719604,Glasgow,247644,666892,22,214,2555,0,3669,1636,839,158,9093,A85,A Road,7041.860941,5859.577396,120.2259995,238710.2179,724666.9471,Crianlarich,WHL,238458.5119,725098.9703,2019/P08,31868,200738,112875,9093,0.576131615
Beinn Udlamain,107,5,05A,5,1010.2,3314,42,OL50 393,NN579739,NN5794573975,257945,773975,Inverness,277161,851964,89,2,700,0,3121,108,62,3,4085,A9,A Road,9965.581518,11747.61628,63.41219537,263202.866,784480.3002,Dalwhinnie,HGL2,263426.6504,784927.425,2019/P08,31868,200738,112875,4085,0.576131615
Ben Alder,105,4,04B,4.2,1148,3766,42,OL50 385E 393,NN496718,NN4961671855,249616,771855,Inverness,277161,851964,89,2,700,0,3121,108,62,3,4085,A86,A Road,1161.698413,14514.92015,201.3838984,236100.3114,766562.6407,Corrour,WHL,235634.7322,766380.3331,2019/P08,31868,200738,112875,4085,0.576131615
Ben Avon - Leabaidh an Daimh Bhuidhe,159,8,08B,8,1171,3842,36,OL58S 404S,NJ131018,NJ1319401845,313194,801845,Inverness,277161,851964,89,2,700,0,3121,108,62,3,4085,A93,A Road,5186.125,25410.37436,155.5813466,290056.606,812349.6715,Aviemore,HGL2,289601.3314,812556.3719,2019/P08,31868,200738,112875,4085,0.576131615
Ben Challum [Beinn Challuim],44,2,02B,2.2,1025,3363,50,OL48W 377E 378W,NN386322,NN3868532235,238685,732235,Glasgow,247644,666892,22,214,2555,0,3669,1636,839,158,9093,A82,A Road,12752.39019,5152.521532,201.803688,233901.08,730321.2113,Tyndrum Upper,WHL,233436.849,730135.4975,2019/P08,31868,200738,112875,9093,0.576131615
Ben Chonzie,1,1,01A,1.1,931,3054,51 52,OL47W 368W 379W,NN773308,NN7732430857,277324,730857,Dundee,337735,729353,3,0,6,0,119,3,0,0,131,A85,A Road,7041.860941,25153.3061,307.3809755,292594.8747,710869.7742,Gleneagles,SCM4,292898.4307,710472.4661,2019/P08,31868,200738,112875,131,0.576131615
Ben Cruachan,60,3,03C,3.3,1127,3698,50,377W,NN069304,NN0696230472,206962,730472,Glasgow,247644,666892,22,214,2555,0,3669,1636,839,158,9093,A85,A Road,7041.860941,3295.922148,284.6225264,207794.0549,727282.8328,Falls Of Cruachan,OBN2,207920.2798,726799.0278,2019/P08,31868,200738,112875,9093,0.576131615
Ben Hope,266,16,16B,16.2,927,3041,9,447N 447S,NC477501,NC4775050151,247750,950151,Inverness,277161,851964,89,2,700,0,3121,108,62,3,4085,A838,A Road,314.9404762,41549.37155,349.51476,288605.5727,942589.753,Forsinard,WCK,289097.2236,942498.7619,2019/P08,31868,200738,112875,4085,0.576131615
Ben Klibreck - Meall nan Con,267,16,16D,16.4,962.1,3156,16,443,NC585299,NC5853029921,258530,929921,Inverness,277161,851964,89,2,700,0,3121,108,62,3,4085,A836,A Road,844.047619,25485.98345,269.4386792,258280.3205,904436.2396,Lairg,WCK,258275.4221,903936.2636,2019/P08,31868,200738,112875,4085,0.576131615
Ben Lawers,33,2,02B,2.2,1214,3983,51,OL48E 378E,NN635414,NN6355341424,263553,741424,Dundee,337735,729353,3,0,6,0,119,3,0,0,131,A827,A Road,1513.814516,26418.62402,142.312049,242646.566,757575.3068,Rannoch,WHL,242250.8899,757880.9871,2019/P08,31868,200738,112875,131,0.576131615
Ben Lomond,4,1,01C,1.3,974,3196,56,OL39S 364S,NN367028,NN3670702863,236707,702863,Glasgow,247644,666892,22,214,2555,0,3669,1636,839,158,9093,A82,A Road,12752.39019,5306.471597,163.5515203,231617.6972,704365.5437,Arrochar & Tarbet,WHL,231138.1598,704507.1202,2019/P08,31868,200738,112875,9093,0.576131615
Ben Lui [Beinn Laoigh],12,1,01D,1.4,1130,3707,50,OL39N 364N 377E,NN266262,NN2663426288,226634,726288,Glasgow,247644,666892,22,214,2555,0,3669,1636,839,158,9093,A85,A Road,7041.860941,6744.092229,32.027323,232351.6097,729864.5514,Tyndrum Lower,OBN2,232775.5073,730129.7132,2019/P08,31868,200738,112875,9093,0.576131615
Ben Macdui [Beinn Macduibh],152,8,08A,8,1309,4295,36 43,OL57S 403S,NN988989,NN9889998943,298899,798943,Inverness,277161,851964,89,2,700,0,3121,108,62,3,4085,B970,B Road,744.9473684,15985.46438,124.3323172,289883.3274,812143.4817,Aviemore,HGL2,289601.3314,812556.3719,2019/P08,31868,200738,112875,4085,0.576131615
Ben More,5,1,01C,1.3,1174,3852,51,OL46N 365N,NN432244,NN4327624417,243276,724417,Glasgow,247644,666892,22,214,2555,0,3669,1636,839,158,9093,A85,A Road,7041.860941,4365.518994,171.9426673,238953.5761,725028.8883,Crianlarich,WHL,238458.5119,725098.9703,2019/P08,31868,200738,112875,9093,0.576131615
Ben More,282,17,17E,17.5,966,3169,47 48,375W,NM525330,NM5257633078,152576,733078,Glasgow,247644,666892,22,214,2555,0,3669,1636,839,158,9093,B8035,B Road,,32848.43242,354.4879,185272.5391,729922.7122,Oban,OBN2,185770.2271,729874.6842,2019/P08,31868,200738,112875,9093,0.576131615
Ben More Assynt,268,16,16E,16.5,998,3274,15,442E,NC318201,NC3183020150,231830,920150,Inverness,277161,851964,89,2,700,0,3121,108,62,3,4085,A837,A Road,398.8571429,30520.08379,328.4874626,257849.1592,904197.6062,Lairg,WCK,258275.4221,903936.2636,2019/P08,31868,200738,112875,4085,0.576131615
Ben Nevis,73,4,04A,4.1,1344.53,4411,41,392,NN166712,NN1666671288,216666,771288,Inverness,277161,851964,89,2,700,0,3121,108,62,3,4085,A82,A Road,12752.39019,6270.048871,154.6487153,210999.7589,773972.6275,Fort William,WHL,210547.9091,774186.711,2019/P08,31868,200738,112875,4085,0.576131615
Ben Oss,13,1,01D,1.4,1029,3376,50,OL39N 364N 377E,NN287253,NN2876125348,228761,725348,Glasgow,247644,666892,22,214,2555,0,3669,1636,839,158,9093,A85,A Road,7041.860941,5743.480599,49.98472037,232454.0114,729746.7767,Tyndrum Lower,OBN2,232775.5073,730129.7132,2019/P08,31868,200738,112875,9093,0.576131615
Ben Starav,65,3,03C,3.3,1078,3537,50,377W,NN125427,NN1257342709,212573,742709,Glasgow,247644,666892,22,214,2555,0,3669,1636,839,158,9093,B8077,B Road,,14747.6981,269.4575331,212433.3733,727961.9629,Loch Awe,OBN2,212428.6395,727461.9853,2019/P08,31868,200738,112875,9093,0.576131615
Ben Vane,18,1,01D,1.4,915.76,3004,56,OL39S 364S,NN277098,NN2775409844,227754,709844,Glasgow,247644,666892,22,214,2555,0,3669,1636,839,158,9093,A83,A Road,2596.6,5819.400569,302.3791234,230870.4002,704929.3818,Arrochar & Tarbet,WHL,231138.1598,704507.1202,2019/P08,31868,200738,112875,9093,0.576131615
Ben Vorlich,2,1,01B,1.2,985,3232,57,OL46N OL47W 365N 368W,NN629189,NN6291118916,262911,718916,Glasgow,247644,666892,22,214,2555,0,3669,1636,839,158,9093,A85,A Road,7041.860941,22995.43625,310.2618817,277772.5421,701368.2179,Dunblane,SCM3,278095.6832,700986.6687,2019/P08,31868,200738,112875,9093,0.576131615
Ben Vorlich,16,1,01D,1.4,943,3094,50 56,OL39N OL39S 364N 364S,NN295124,NN2950912474,229509,712474,Glasgow,247644,666892,22,214,2555,0,3669,1636,839,158,9093,A82,A Road,12752.39019,3237.082048,54.14872229,231404.9049,715097.7844,Ardlui,WHL,231697.7466,715503.0544,2019/P08,31868,200738,112875,9093,0.576131615
Ben Wyvis - Glas Leathad Mor,265,15,15B,15.2,1046,3432,20,437S,NH462683,NH4629668379,246296,868379,Inverness,277161,851964,89,2,700,0,3121,108,62,3,4085,A835,A Road,2414.327381,9317.758753,226.2629601,239854.1708,861646.7296,Garve,KYL,239508.496,861285.4694,2019/P08,31868,200738,112875,4085,0.576131615
Bidean nam Bian,53,3,03B,3.2,1149.4,3771,41,384,NN143542,NN1434154211,214341,754211,Glasgow,247644,666892,22,214,2555,0,3669,1636,839,158,9093,A82,A Road,12752.39019,19832.64785,100.7516159,210641.185,773695.4884,Fort William,WHL,210547.9091,774186.711,2019/P08,31868,200738,112875,9093,0.576131615
Bidein a' Choire Sheasgaich,226,12,12A,12.1,945,3100,25,429,NH049412,NH0490641265,204906,841265,Inverness,277161,851964,89,2,700,0,3121,108,62,3,4085,A890,A Road,714.9047619,8029.79638,122.6740198,200571.0446,848024.1266,Achnashellach,KYL,200301.1153,848445.0044,2019/P08,31868,200738,112875,4085,0.576131615
Binnein Beag,84,4,04A,4.1,943,3094,41,392,NN221677,NN2217267712,222172,767712,Inverness,277161,851964,89,2,700,0,3121,108,62,3,4085,B863,B Road,777.2,12805.68945,150.8818456,210984.7181,773943.4049,Fort William,WHL,210547.9091,774186.711,2019/P08,31868,200738,112875,4085,0.576131615
Binnein Mor,85,4,04A,4.1,1130,3707,41,392,NN212663,NN2121966351,221219,766351,Inverness,277161,851964,89,2,700,0,3121,108,62,3,4085,B863,B Road,777.2,12738.97835,143.7104098,210950.927,773890.7776,Fort William,WHL,210547.9091,774186.711,2019/P08,31868,200738,112875,4085,0.576131615
Bla Bheinn [Blaven] [Blabheinn],281,17,17B,17.2,929,3048,32,411,NG529217,NG5299021743,152990,821743,Inverness,277161,851964,89,2,700,0,3121,108,62,3,4085,B8083,B Road,435.625,23363.65721,12.93244414,175761.0292,826971.8343,Kyle Of Lochalsh,KYL,176248.3465,827083.7353,2019/P08,31868,200738,112875,4085,0.576131615
Braeriach,145,8,08A,8,1296,4252,36 43,OL57S 403S,NN953999,NN9532799915,295327,799915,Inverness,277161,851964,89,2,700,0,3121,108,62,3,4085,B970,B Road,744.9473684,13377.59217,114.3672437,289807.6233,812100.9121,Aviemore,HGL2,289601.3314,812556.3719,2019/P08,31868,200738,112875,4085,0.576131615
Broad Cairn,139,7,07A,7,998,3274,44,OL53N 388N,NO240815,NO2405781568,324057,781568,Dundee,337735,729353,3,0,6,0,119,3,0,0,131,A93,A Road,5186.125,37725.41884,217.9613552,294313.3055,758361.9692,Pitlochry,HGL2,293919.0926,758054.4043,2019/P08,31868,200738,112875,131,0.576131615
Bruach na Frithe,272,17,17B,17.2,958,3143,32,411,NG460252,NG4608425200,146084,825200,Inverness,277161,851964,89,2,700,0,3121,108,62,3,4085,A863,A Road,778.3428571,29723.10802,3.573427483,175749.3186,827052.5715,Kyle Of Lochalsh,KYL,176248.3465,827083.7353,2019/P08,31868,200738,112875,4085,0.576131615
Buachaille Etive Beag - Stob Coire Raineach,52,3,03B,3.2,925,3035,41,384,NN191548,NN1913554800,219135,754800,Glasgow,247644,666892,22,214,2555,0,3669,1636,839,158,9093,A82,A Road,12752.39019,19658.00777,35.06308826,235225.4722,766093.0941,Corrour,WHL,235634.7322,766380.3331,2019/P08,31868,200738,112875,9093,0.576131615
Buachaille Etive Beag - Stob Dubh,51,3,03B,3.2,958,3143,41,384,NN179535,NN1790953541,217909,753541,Glasgow,247644,666892,22,214,2555,0,3669,1636,839,158,9093,A82,A Road,12752.39019,21387.21217,35.91705501,235229.7987,766087.0264,Corrour,WHL,235634.7322,766380.3331,2019/P08,31868,200738,112875,9093,0.576131615
Buachaille Etive Mor - Stob Dearg,49,3,03B,3.2,1021.4,3351,41,384,NN222542,NN2226554254,222265,754254,Glasgow,247644,666892,22,214,2555,0,3669,1636,839,158,9093,A82,A Road,12752.39019,17549.86686,42.20799577,235264.3768,766044.4211,Corrour,WHL,235634.7322,766380.3331,2019/P08,31868,200738,112875,9093,0.576131615
Buachaille Etive Mor - Stob na Broige,50,3,03B,3.2,953.4,3128,41,384,NN190525,NN1907252568,219072,752568,Glasgow,247644,666892,22,214,2555,0,3669,1636,839,158,9093,A82,A Road,12752.39019,21066.28488,39.82609549,235250.7362,766060.1033,Corrour,WHL,235634.7322,766380.3331,2019/P08,31868,200738,112875,9093,0.576131615
Bynack More,154,8,08A,8,1090,3576,36,OL57N OL57S OL58N OL58S 403N 403S 404N 404S,NJ041063,NJ0419006373,304190,806373,Inverness,277161,851964,89,2,700,0,3121,108,62,3,4085,B970,B Road,744.9473684,15344.97837,157.0304581,290061.6876,812361.251,Aviemore,HGL2,289601.3314,812556.3719,2019/P08,31868,200738,112875,4085,0.576131615
Cairn Bannoch,138,7,07A,7,1012,3320,44,OL53N 388N,NO222825,NO2228882555,322288,782555,Dundee,337735,729353,3,0,6,0,119,3,0,0,131,A93,A Road,5186.125,36984.31801,220.8152871,294297.5029,758381.2156,Pitlochry,HGL2,293919.0926,758054.4043,2019/P08,31868,200738,112875,131,0.576131615
Cairn Gorm,153,8,08A,8,1244.8,4084,36,OL57S 403S,NJ005040,NJ0051604065,300516,804065,Inverness,277161,851964,89,2,700,0,3121,108,62,3,4085,B970,B Road,744.9473684,13328.71604,142.1178697,289995.9692,812249.3524,Aviemore,HGL2,289601.3314,812556.3719,2019/P08,31868,200738,112875,4085,0.576131615
Cairn of Claise,134,7,07A,7,1064,3491,43,OL52N OL53N 387N 388N,NO185788,NO1854978890,318549,778890,Dundee,337735,729353,3,0,6,0,119,3,0,0,131,A93,A Road,5186.125,31760.72514,220.2294503,294300.8247,758377.3294,Pitlochry,HGL2,293919.0926,758054.4043,2019/P08,31868,200738,112875,131,0.576131615
Cairn Toul,146,8,08A,8,1291,4236,36 43,OL57S 403S,NN963972,NN9632897228,296328,797228,Inverness,277161,851964,89,2,700,0,3121,108,62,3,4085,B970,B Road,744.9473684,16239.38636,113.6936808,289802.2548,812098.5184,Aviemore,HGL2,289601.3314,812556.3719,2019/P08,31868,200738,112875,4085,0.576131615
Carn a' Chlamain,117,6,06A,6.1,963.5,3161,43,OL51E 394E,NN915758,NN9159175807,291591,775807,Dundee,337735,729353,3,0,6,0,119,3,0,0,131,B8079,B Road,,10975.02707,246.6918241,287248.4391,765727.6457,Blair Atholl,HGL2,287050.6008,765268.4507,2019/P08,31868,200738,112875,131,0.576131615
Carn a' Choire Bhoidheach,130,7,07A,7,1109.9,3641,44,OL53N 388N,NO226845,NO2267384557,322673,784557,Dundee,337735,729353,3,0,6,0,119,3,0,0,131,A93,A Road,5186.125,38604.66429,222.6668926,294286.7458,758393.2717,Pitlochry,HGL2,293919.0926,758054.4043,2019/P08,31868,200738,112875,131,0.576131615
Carn a' Gheoidh,126,6,06B,6.2,975,3199,43,OL52N 387N,NO107767,NO1070376700,310703,776700,Dundee,337735,729353,3,0,6,0,119,3,0,0,131,A93,A Road,5186.125,24587.00434,228.0079132,294253.6066,758426.0229,Pitlochry,HGL2,293919.0926,758054.4043,2019/P08,31868,200738,112875,131,0.576131615
Carn a' Mhaim,151,8,08A,8,1037,3402,36 43,OL57S 403S,NN994951,NN9945795199,299457,795199,Inverness,277161,851964,89,2,700,0,3121,108,62,3,4085,A93,A Road,5186.125,19460.27462,119.5882918,289848.2135,812121.574,Aviemore,HGL2,289601.3314,812556.3719,2019/P08,31868,200738,112875,4085,0.576131615
Carn an Fhidhleir [Carn Ealar],116,6,06A,6.1,994.1,3261,43,OL51E 394E,NN904841,NN9046784179,290467,784179,Inverness,277161,851964,89,2,700,0,3121,108,62,3,4085,B8079,B Road,,18716.67657,259.7593452,287139.4923,765760.4856,Blair Atholl,HGL2,287050.6008,765268.4507,2019/P08,31868,200738,112875,4085,0.576131615
Carn an Righ,122,6,06B,6.2,1029,3376,43,OL52N 387N,NO028772,NO0287177267,302871,777267,Dundee,337735,729353,3,0,6,0,119,3,0,0,131,A93,A Road,5186.125,19355.73509,217.1775042,287448.9844,765570.5939,Blair Atholl,HGL2,287050.6008,765268.4507,2019/P08,31868,200738,112875,131,0.576131615
Carn an t-Sagairt Mor,131,7,07A,7,1047,3435,44,OL53N 388N,NO208842,NO2081084280,320810,784280,Dundee,337735,729353,3,0,6,0,119,3,0,0,131,A93,A Road,5186.125,37061.98571,224.2823782,294277.0464,758403.5019,Pitlochry,HGL2,293919.0926,758054.4043,2019/P08,31868,200738,112875,131,0.576131615
Carn an Tuirc,135,7,07A,7,1019,3343,43,OL52N OL53N 387N 388N,NO174804,NO1745380483,317453,780483,Dundee,337735,729353,3,0,6,0,119,3,0,0,131,A93,A Road,5186.125,32009.79395,223.6224098,294281.0436,758399.3557,Pitlochry,HGL2,293919.0926,758054.4043,2019/P08,31868,200738,112875,131,0.576131615
Carn Aosda,128,6,06B,6.2,915.3,3003,43,OL52N 387N,NO133791,NO1339779164,313397,779164,Dundee,337735,729353,3,0,6,0,119,3,0,0,131,A93,A Road,5186.125,28222.88125,227.3021504,294258.1586,758421.8743,Pitlochry,HGL2,293919.0926,758054.4043,2019/P08,31868,200738,112875,131,0.576131615
Carn Bhac,124,6,06B,6.2,945.1,3101,43,OL52N 387N,NO051832,NO0510483225,305104,783225,Dundee,337735,729353,3,0,6,0,119,3,0,0,131,A93,A Road,5186.125,24962.97087,224.8459016,287405.1038,765621.0519,Blair Atholl,HGL2,287050.6008,765268.4507,2019/P08,31868,200738,112875,131,0.576131615
Carn Dearg,162,9,09B,9.2,945.7,3103,35,OL56 402,NH635023,NH6356802398,263568,802398,Inverness,277161,851964,89,2,700,0,3121,108,62,3,4085,A86,A Road,1161.698413,8463.177172,334.2476268,271190.6165,798720.8971,Newtonmore,HGL2,271640.9566,798503.6558,2019/P08,31868,200738,112875,4085,0.576131615
Carn Dearg,101,4,04B,4.2,1034,3392,42,OL50 393,NN504764,NN5041676444,250416,776444,Inverness,277161,851964,89,2,700,0,3121,108,62,3,4085,A86,A Road,1161.698413,14832.37655,165.7408004,236040.5886,780097.3465,Tulloch,WHL,235555.9929,780220.501,2019/P08,31868,200738,112875,4085,0.576131615
Carn Dearg,96,4,04B,4.2,941,3087,42,385W,NN417661,NN4177366143,241773,766143,Inverness,277161,851964,89,2,700,0,3121,108,62,3,4085,B846,B Road,921.2162162,5642.85427,177.7857899,236134.3589,766361.0153,Corrour,WHL,235634.7322,766380.3331,2019/P08,31868,200738,112875,4085,0.576131615
Carn Eige [Carn Eighe],209,11,11A,11.1,1182.8,3881,25,414N,NH123261,NH1235526197,212355,826197,Inverness,277161,851964,89,2,700,0,3121,108,62,3,4085,A87,A Road,2096.384615,23177.81749,147.1478426,192883.9384,838770.3441,Attadale,KYL,192463.9018,839041.5807,2019/P08,31868,200738,112875,4085,0.576131615
Carn Ghluasaid,217,11,11B,11.2,957,3140,34,414S,NH145125,NH1457612522,214576,812522,Inverness,277161,851964,89,2,700,0,3121,108,62,3,4085,A87,A Road,2096.384615,31511.47465,283.6936809,222035.7427,781906.2316,Spean Bridge,WHL,222154.1082,781420.444,2019/P08,31868,200738,112875,4085,0.576131615
Carn Gorm,23,2,02A,2.1,1029,3376,42 51,OL48E OL49W 378E 386W,NN635500,NN6351350078,263513,750078,Dundee,337735,729353,3,0,6,0,119,3,0,0,131,B846,B Road,921.2162162,22148.70711,159.8473555,242720.2789,757708.7259,Rannoch,WHL,242250.8899,757880.9871,2019/P08,31868,200738,112875,131,0.576131615
Carn Liath,167,9,09C,9.3,1006,3301,34,OL55 401,NN472903,NN4722790326,247227,790326,Inverness,277161,851964,89,2,700,0,3121,108,62,3,4085,A86,A Road,1161.698413,14938.05418,220.8880933,235933.9877,780547.7929,Tulloch,WHL,235555.9929,780220.501,2019/P08,31868,200738,112875,4085,0.576131615
Carn Mairg,22,2,02A,2.1,1042,3419,42 51,OL48E OL49W 378E 386W,NN684512,NN6849151258,268491,751258,Dundee,337735,729353,3,0,6,0,119,3,0,0,131,B846,B Road,921.2162162,22754.06439,37.04877756,286651.5394,764967.2033,Blair Atholl,HGL2,287050.6008,765268.4507,2019/P08,31868,200738,112875,131,0.576131615
Carn Mor Dearg,76,4,04A,4.1,1220,4003,41,392,NN177721,NN1774872172,217748,772172,Inverness,277161,851964,89,2,700,0,3121,108,62,3,4085,A82,A Road,12752.39019,6976.654959,164.3674535,211029.4139,774051.9776,Fort William,WHL,210547.9091,774186.711,2019/P08,31868,200738,112875,4085,0.576131615
Carn na Caim,112,5,05B,5,940.8,3087,42,OL51W 394W,NN677821,NN6770082153,267700,782153,Inverness,277161,851964,89,2,700,0,3121,108,62,3,4085,A9,A Road,9965.581518,4594.992727,147.0067969,263846.018,784655.1552,Dalwhinnie,HGL2,263426.6504,784927.425,2019/P08,31868,200738,112875,4085,0.576131615
Carn nan Gobhar,219,12,12A,12.1,992,3255,25,430,NH273438,NH2730343890,227303,843890,Inverness,277161,851964,89,2,700,0,3121,108,62,3,4085,A831,A Road,831.6825397,17130.91666,94.15380502,226062.1377,860975.9172,Achanalt,KYL,226025.9207,861474.6038,2019/P08,31868,200738,112875,4085,0.576131615
Carn nan Gobhar,228,12,12B,12.2,993,3258,25,430,NH181343,NH1818834362,218188,834362,Inverness,277161,851964,89,2,700,0,3121,108,62,3,4085,A831,A Road,831.6825397,22265.58054,141.7853362,200693.9646,848135.6996,Achnashellach,KYL,200301.1153,848445.0044,2019/P08,31868,200738,112875,4085,0.576131615
Carn Sgulain,164,9,09B,9.2,920.3,3019,35,OL56 402,NH683058,NH6830205821,268302,805821,Inverness,277161,851964,89,2,700,0,3121,108,62,3,4085,A86,A Road,1161.698413,7543.143497,294.5275539,271433.3912,798958.5367,Newtonmore,HGL2,271640.9566,798503.6558,2019/P08,31868,200738,112875,4085,0.576131615
Chno Dearg,94,4,04B,4.2,1046,3432,41,OL50 393,NN377741,NN3774174115,237741,774115,Inverness,277161,851964,89,2,700,0,3121,108,62,3,4085,A86,A Road,1161.698413,5984.704965,109.6910265,235724.4668,779749.7393,Tulloch,WHL,235555.9929,780220.501,2019/P08,31868,200738,112875,4085,0.576131615
Ciste Dhubh,202,11,11A,11.1,979,3212,33,414N 414S,NH062166,NH0623716619,206237,816619,Inverness,277161,851964,89,2,700,0,3121,108,62,3,4085,A87,A Road,2096.384615,25814.83155,121.5603781,192725.6002,838615.5362,Attadale,KYL,192463.9018,839041.5807,2019/P08,31868,200738,112875,4085,0.576131615
Cona' Mheall,260,15,15A,15.1,978,3209,20,436N,NH275816,NH2751081641,227510,881641,Inverness,277161,851964,89,2,700,0,3121,108,62,3,4085,A835,A Road,2414.327381,19167.79615,283.7749235,232074.0133,863024.4968,Lochluichart,KYL,232193.0675,862538.8775,2019/P08,31868,200738,112875,4085,0.576131615
Conival,269,16,16E,16.5,987,3238,15,442E,NC303199,NC3033019938,230330,919938,Inverness,277161,851964,89,2,700,0,3121,108,62,3,4085,A837,A Road,398.8571429,31702.51829,330.2042578,257841.5209,904184.7183,Lairg,WCK,258275.4221,903936.2636,2019/P08,31868,200738,112875,4085,0.576131615
Creag a' Mhaim,175,10,10A,10.1,946,3104,33,414S,NH087077,NH0879007772,208790,807772,Inverness,277161,851964,89,2,700,0,3121,108,62,3,4085,A87,A Road,2096.384615,29046.63926,296.8917006,221927.9554,781866.3755,Spean Bridge,WHL,222154.1082,781420.444,2019/P08,31868,200738,112875,4085,0.576131615
Creag Leacach,133,7,07A,7,988.2,3242,43,OL52N 387N,NO154745,NO1546874548,315468,774548,Dundee,337735,729353,3,0,6,0,119,3,0,0,131,A93,A Road,5186.125,26636.58249,217.4305472,294316.1379,758358.3039,Pitlochry,HGL2,293919.0926,758054.4043,2019/P08,31868,200738,112875,131,0.576131615
Creag Meagaidh,165,9,09C,9.3,1128,3701,34 42,OL55 401,NN418875,NN4184087547,241840,787547,Inverness,277161,851964,89,2,700,0,3121,108,62,3,4085,A86,A Road,1161.698413,9152.270864,229.3799979,235881.5125,780600.023,Tulloch,WHL,235555.9929,780220.501,2019/P08,31868,200738,112875,4085,0.576131615
Creag Mhor,43,2,02B,2.2,1047,3435,50,OL48W 378W,NN391361,NN3915136111,239151,736111,Glasgow,247644,666892,22,214,2555,0,3669,1636,839,158,9093,A82,A Road,12752.39019,7767.898873,226.2807774,233782.4115,730496.8652,Tyndrum Upper,WHL,233436.849,730135.4975,2019/P08,31868,200738,112875,9093,0.576131615
Creag nan Damh,181,10,10A,10.1,918,3012,33,414S,NG983112,NG9837011201,198370,811201,Inverness,277161,851964,89,2,700,0,3121,108,62,3,4085,A87,A Road,2096.384615,25768.86185,116.8178138,186744.2483,834198.3072,Stromeferry,KYL,186518.6708,834644.53,2019/P08,31868,200738,112875,4085,0.576131615
Creag Pitridh,103,4,04B,4.2,924,3031,34 42,OL50 OL55 393 401,NN487814,NN4875281459,248752,781459,Inverness,277161,851964,89,2,700,0,3121,108,62,3,4085,A86,A Road,1161.698413,12753.99876,185.3617359,236053.8052,780267.2227,Tulloch,WHL,235555.9929,780220.501,2019/P08,31868,200738,112875,4085,0.576131615
Creise,71,3,03C,3.3,1099.8,3608,41,384,NN238506,NN2385550645,223855,750645,Glasgow,247644,666892,22,214,2555,0,3669,1636,839,158,9093,A82,A Road,12752.39019,19156.11351,53.18086288,235335.0867,765980.0675,Corrour,WHL,235634.7322,766380.3331,2019/P08,31868,200738,112875,9093,0.576131615
Cruach Ardrain,7,1,01C,1.3,1045.9,3431,51 56,OL39N 364N,NN409212,NN4092721215,240927,721215,Glasgow,247644,666892,22,214,2555,0,3669,1636,839,158,9093,A85,A Road,7041.860941,4102.027683,122.4383224,238726.7076,724676.9856,Crianlarich,WHL,238458.5119,725098.9703,2019/P08,31868,200738,112875,9093,0.576131615
Derry Cairngorm,156,8,08A,8,1155,3789,36 43,OL57S 403S,NO017980,NO0173498032,301734,798032,Inverness,277161,851964,89,2,700,0,3121,108,62,3,4085,A93,A Road,5186.125,18425.08987,129.8730781,289921.8759,812172.6387,Aviemore,HGL2,289601.3314,812556.3719,2019/P08,31868,200738,112875,4085,0.576131615
Driesh,141,7,07A,7,947,3107,44,OL53S 388S,NO271735,NO2711673588,327116,773588,Dundee,337735,729353,3,0,6,0,119,3,0,0,131,B955,B Road,89.5,36151.42912,205.0759737,294371.9659,758266.3141,Pitlochry,HGL2,293919.0926,758054.4043,2019/P08,31868,200738,112875,131,0.576131615
Druim Shionnach,176,10,10A,10.1,987,3238,33,414S,NH074084,NH0744108485,207441,808485,Inverness,277161,851964,89,2,700,0,3121,108,62,3,4085,A87,A Road,2096.384615,29736.78257,266.1890408,205464.5521,778813.9722,Loch Eil,MLG2,205431.3197,778315.0778,2019/P08,31868,200738,112875,4085,0.576131615
Eididh nan Clach Geala,263,15,15A,15.1,927,3041,20,436N,NH257842,NH2578784215,225787,884215,Inverness,277161,851964,89,2,700,0,3121,108,62,3,4085,A835,A Road,2414.327381,22102.91989,286.4642899,232051.3587,863018.3758,Lochluichart,KYL,232193.0675,862538.8775,2019/P08,31868,200738,112875,4085,0.576131615
Fionn Bheinn,258,14,14B,14.2,933,3061,20,435S,NH147621,NH1474962149,214749,862149,Inverness,277161,851964,89,2,700,0,3121,108,62,3,4085,A832,A Road,1022.038961,3490.946137,294.3926188,216190.7157,858969.6666,Achnasheen,KYL,216397.2093,858514.2982,2019/P08,31868,200738,112875,4085,0.576131615
Gairich,187,10,10B,10.2,919,3015,33,399,NN025995,NN0258999580,202589,799580,Inverness,277161,851964,89,2,700,0,3121,108,62,3,4085,A87,A Road,2096.384615,20645.50264,261.5485968,199554.7202,779158.6894,Locheilside,MLG2,199481.2349,778664.119,2019/P08,31868,200738,112875,4085,0.576131615
Garbh Chioch Mhor,184,10,10B,10.2,1013,3323,33 40,398E,NM909961,NM9095596101,190955,796101,Inverness,277161,851964,89,2,700,0,3121,108,62,3,4085,A830,A Road,2360.52381,14687.68447,266.2468707,189993.579,781444.8155,Glenfinnan,MLG2,189960.8502,780945.8878,2019/P08,31868,200738,112875,4085,0.576131615
Geal Charn,104,4,04B,4.2,1049,3442,42,OL50 393,NN504811,NN5043281181,250432,781181,Inverness,277161,851964,89,2,700,0,3121,108,62,3,4085,A86,A Road,1161.698413,13023.9284,16.08254542,262946.2186,784788.914,Dalwhinnie,HGL2,263426.6504,784927.425,2019/P08,31868,200738,112875,4085,0.576131615
Geal Charn,161,9,09B,9.2,926,3038,35,OL55 401,NN561987,NN5614498768,256144,798768,Inverness,277161,851964,89,2,700,0,3121,108,62,3,4085,A86,A Road,1161.698413,14999.211,359.022754,271141.0293,798512.1835,Newtonmore,HGL2,271640.9566,798503.6558,2019/P08,31868,200738,112875,4085,0.576131615
Geal-charn,110,5,05A,5,917.1,3009,42,OL50 393,NN596782,NN5964478261,259644,778261,Inverness,277161,851964,89,2,700,0,3121,108,62,3,4085,A9,A Road,9965.581518,7164.833092,60.42863779,263179.8968,784492.5541,Dalwhinnie,HGL2,263426.6504,784927.425,2019/P08,31868,200738,112875,4085,0.576131615
Geal-Charn,100,4,04B,4.2,1132,3714,42,OL50 393,NN469746,NN4699174629,246991,774629,Inverness,277161,851964,89,2,700,0,3121,108,62,3,4085,A86,A Road,1161.698413,12228.87547,153.9422462,236005.1688,780000.8625,Tulloch,WHL,235555.9929,780220.501,2019/P08,31868,200738,112875,4085,0.576131615
Glas Bheinn Mhor,66,3,03C,3.3,997,3271,50,377W,NN153429,NN1532842979,215328,742979,Glasgow,247644,666892,22,214,2555,0,3669,1636,839,158,9093,B8074,B Road,59.5,15285.56418,259.4163039,212520.4753,727953.4791,Loch Awe,OBN2,212428.6395,727461.9853,2019/P08,31868,200738,112875,9093,0.576131615
Glas Maol,132,7,07A,7,1068,3504,43,OL52N 387N,NO166765,NO1669976576,316699,776576,Dundee,337735,729353,3,0,6,0,119,3,0,0,131,A93,A Road,5186.125,28859.38842,219.1134291,294307.0419,758369.8331,Pitlochry,HGL2,293919.0926,758054.4043,2019/P08,31868,200738,112875,131,0.576131615
Glas Tulaichean,121,6,06B,6.2,1051,3448,43,OL52N 387N,NO051760,NO0510576011,305105,776011,Dundee,337735,729353,3,0,6,0,119,3,0,0,131,A93,A Road,5186.125,20508.65764,210.7530716,287480.2903,765524.1203,Blair Atholl,HGL2,287050.6008,765268.4507,2019/P08,31868,200738,112875,131,0.576131615
Gleouraich,170,10,10A,10.1,1035,3396,33,414S,NH039053,NH0394505345,203945,805345,Inverness,277161,851964,89,2,700,0,3121,108,62,3,4085,A87,A Road,2096.384615,26551.70253,260.5022626,199563.7392,779157.2651,Locheilside,MLG2,199481.2349,778664.119,2019/P08,31868,200738,112875,4085,0.576131615
Gulvain [Gaor Bheinn],193,10,10D,10.4,987,3238,41,399,NN002875,NN0026787574,200267,787574,Inverness,277161,851964,89,2,700,0,3121,108,62,3,4085,A830,A Road,2360.52381,8444.462322,264.9601069,199525.1596,779162.1859,Locheilside,MLG2,199481.2349,778664.119,2019/P08,31868,200738,112875,4085,0.576131615
Ladhar Bheinn,189,10,10B,10.2,1020,3346,33,413S,NG824039,NG8240003983,182400,803983,Inverness,277161,851964,89,2,700,0,3121,108,62,3,4085,A851,A Road,835.3174603,15874.796,205.0158489,168014.4051,797270.0418,Mallaig,MLG2,167561.3097,797058.6073,2019/P08,31868,200738,112875,4085,0.576131615
Liathach - Mullach an Rathain,235,13,13A,13.1,1023,3356,25,433,NG911576,NG9118557691,191185,857691,Inverness,277161,851964,89,2,700,0,3121,108,62,3,4085,A896,A Road,667.1587302,12484.29793,314.5947378,199950.0715,848801.0497,Achnashellach,KYL,200301.1153,848445.0044,2019/P08,31868,200738,112875,4085,0.576131615
Liathach - Spidean a' Choire Leith,234,13,13A,13.1,1055,3461,25,433,NG929579,NG9293557970,192935,857970,Inverness,277161,851964,89,2,700,0,3121,108,62,3,4085,A896,A Road,667.1587302,11540.97985,307.7164232,199995.2384,848840.5285,Achnashellach,KYL,200301.1153,848445.0044,2019/P08,31868,200738,112875,4085,0.576131615
Lochnagar - Cac Carn Beag,129,7,07A,7,1156,3793,44,OL53N 388N,NO243861,NO2437286139,324372,786139,Dundee,337735,729353,3,0,6,0,119,3,0,0,131,A93,A Road,5186.125,40926.12804,222.6831895,294286.6494,758393.3763,Pitlochry,HGL2,293919.0926,758054.4043,2019/P08,31868,200738,112875,131,0.576131615
Luinne Bheinn,190,10,10B,10.2,939,3081,33,398E 413S,NG869007,NG8697900740,186979,800740,Inverness,277161,851964,89,2,700,0,3121,108,62,3,4085,A87,A Road,2096.384615,19263.58644,190.7352721,168052.5589,797151.743,Mallaig,MLG2,167561.3097,797058.6073,2019/P08,31868,200738,112875,4085,0.576131615
Lurg Mhor,227,12,12A,12.1,987,3238,25,429,NH064404,NH0648140451,206481,840451,Inverness,277161,851964,89,2,700,0,3121,108,62,3,4085,A890,A Road,714.9047619,9604.211065,127.706353,200606.9227,848049.4265,Achnashellach,KYL,200301.1153,848445.0044,2019/P08,31868,200738,112875,4085,0.576131615
Mam Sodhail,208,11,11A,11.1,1179.4,3869,25,414N,NH120253,NH1200725332,212007,825332,Inverness,277161,851964,89,2,700,0,3121,108,62,3,4085,A87,A Road,2096.384615,23372.27032,144.9501489,192873.2281,838754.4362,Attadale,KYL,192463.9018,839041.5807,2019/P08,31868,200738,112875,4085,0.576131615
Maoile Lunndaidh,223,12,12A,12.1,1004.9,3297,25,430,NH135458,NH1350645853,213506,845853,Inverness,277161,851964,89,2,700,0,3121,108,62,3,4085,A890,A Road,714.9047619,12487.20768,77.13704804,216285.8994,858026.8455,Achnasheen,KYL,216397.2093,858514.2982,2019/P08,31868,200738,112875,4085,0.576131615
Maol Chean-dearg,239,13,13B,13.2,933,3061,25,429,NG924499,NG9240649911,192406,849911,Inverness,277161,851964,89,2,700,0,3121,108,62,3,4085,A896,A Road,667.1587302,7358.882115,284.1606304,194206.2857,842775.7272,Strathcarron,KYL,194328.6063,842290.9204,2019/P08,31868,200738,112875,4085,0.576131615
Maol Chinn-dearg,178,10,10A,10.1,980.3,3216,33,414S,NH032087,NH0322108769,203221,808769,Inverness,277161,851964,89,2,700,0,3121,108,62,3,4085,A87,A Road,2096.384615,29836.27701,262.9187347,199542.8734,779160.3052,Locheilside,MLG2,199481.2349,778664.119,2019/P08,31868,200738,112875,4085,0.576131615
Mayar,140,7,07A,7,928,3045,44,OL53S 388S,NO240737,NO2408173749,324081,773749,Dundee,337735,729353,3,0,6,0,119,3,0,0,131,B955,B Road,89.5,33500.89693,207.4899861,294362.6384,758285.2011,Pitlochry,HGL2,293919.0926,758054.4043,2019/P08,31868,200738,112875,131,0.576131615
Meall a' Bhuiridh,72,3,03C,3.3,1107.9,3635,41,384,NN250503,NN2506350346,225063,750346,Glasgow,247644,666892,22,214,2555,0,3669,1636,839,158,9093,A82,A Road,12752.39019,18266.98137,23.6721312,241792.9609,757680.2359,Rannoch,WHL,242250.8899,757880.9871,2019/P08,31868,200738,112875,9093,0.576131615
Meall a' Choire Leith,39,2,02B,2.2,925.6,3037,51,OL48E 378E,NN612438,NN6124843882,261248,743882,Dundee,337735,729353,3,0,6,0,119,3,0,0,131,A827,A Road,1513.814516,23097.92008,143.6134658,242653.4065,757584.3722,Rannoch,WHL,242250.8899,757880.9871,2019/P08,31868,200738,112875,131,0.576131615
Meall a' Chrasgaidh,251,14,14B,14.2,934,3064,20,436S,NH184733,NH1848273320,218482,873320,Inverness,277161,851964,89,2,700,0,3121,108,62,3,4085,A832,A Road,1022.038961,13543.65161,302.4916422,225757.3324,861896.3387,Achanalt,KYL,226025.9207,861474.6038,2019/P08,31868,200738,112875,4085,0.576131615
Meall Buidhe,188,10,10B,10.2,946,3104,33 40,398E 413S,NM848989,NM8489898977,184898,798977,Inverness,277161,851964,89,2,700,0,3121,108,62,3,4085,A830,A Road,2360.52381,16942.50731,186.3143799,168058.2764,797113.5992,Mallaig,MLG2,167561.3097,797058.6073,2019/P08,31868,200738,112875,4085,0.576131615
Meall Buidhe,188,10,10B,10.2,946,3104,33 40,398E 413S,NM848989,NM8489898977,184898,798977,Glasgow,247644,666892,22,214,2555,0,3669,1636,839,158,9093,A830,A Road,2360.52381,16942.50731,186.3143799,168058.2764,797113.5992,Mallaig,MLG2,167561.3097,797058.6073,2019/P08,31868,200738,112875,9093,0.576131615
Meall Buidhe,27,2,02A,2.1,932.1,3058,51,OL48W 378W,NN498499,NN4983849946,249838,749946,Inverness,277161,851964,89,2,700,0,3121,108,62,3,4085,B846,B Road,921.2162162,10478.53633,133.7161176,242596.4328,757519.6007,Rannoch,WHL,242250.8899,757880.9871,2019/P08,31868,200738,112875,4085,0.576131615
Meall Buidhe,27,2,02A,2.1,932.1,3058,51,OL48W 378W,NN498499,NN4983849946,249838,749946,Glasgow,247644,666892,22,214,2555,0,3669,1636,839,158,9093,B846,B Road,921.2162162,10478.53633,133.7161176,242596.4328,757519.6007,Rannoch,WHL,242250.8899,757880.9871,2019/P08,31868,200738,112875,9093,0.576131615
Meall Chuaich,111,5,05B,5,951,3120,42,OL51W 394W,NN716878,NN7164887835,271648,787835,Inverness,277161,851964,89,2,700,0,3121,108,62,3,4085,A9,A Road,9965.581518,8220.354444,199.4767275,263898.0389,785094.137,Dalwhinnie,HGL2,263426.6504,784927.425,2019/P08,31868,200738,112875,4085,0.576131615
Meall Corranaich,38,2,02B,2.2,1069,3507,51,OL48E 378E,NN615410,NN6153441047,261534,741047,Glasgow,247644,666892,22,214,2555,0,3669,1636,839,158,9093,A827,A Road,1513.814516,25097.29394,138.8793239,242627.553,757552.1635,Rannoch,WHL,242250.8899,757880.9871,2019/P08,31868,200738,112875,9093,0.576131615
Meall Garbh,24,2,02A,2.1,968,3176,42 51,OL48E OL49W 378E 386W,NN647516,NN6470751686,264707,751686,Dundee,337735,729353,3,0,6,0,119,3,0,0,131,B846,B Road,921.2162162,22794.95108,164.577369,242732.8851,757748.0186,Rannoch,WHL,242250.8899,757880.9871,2019/P08,31868,200738,112875,131,0.576131615
Meall Garbh,35,2,02B,2.2,1123.1,3685,51,OL48E 378E,NN644437,NN6443743757,264437,743757,Dundee,337735,729353,3,0,6,0,119,3,0,0,131,A827,A Road,1513.814516,25800.3896,147.518601,242672.6728,757612.4742,Rannoch,WHL,242250.8899,757880.9871,2019/P08,31868,200738,112875,131,0.576131615
Meall Ghaordaidh,41,2,02B,2.2,1039.8,3411,51,OL48W 378W,NN514397,NN5144239704,251442,739704,Glasgow,247644,666892,22,214,2555,0,3669,1636,839,158,9093,A827,A Road,1513.814516,19041.69531,228.3637445,238790.7115,725472.6592,Crianlarich,WHL,238458.5119,725098.9703,2019/P08,31868,200738,112875,9093,0.576131615
Meall Glas,45,2,02B,2.2,959,3146,51,OL48W 378W,NN431321,NN4314832194,243148,732194,Glasgow,247644,666892,22,214,2555,0,3669,1636,839,158,9093,A85,A Road,7041.860941,8004.748385,236.5371316,238734.2101,725516.092,Crianlarich,WHL,238458.5119,725098.9703,2019/P08,31868,200738,112875,9093,0.576131615
Meall Gorm,256,14,14B,14.2,949,3114,20,436S,NH221695,NH2219269585,222192,869585,Inverness,277161,851964,89,2,700,0,3121,108,62,3,4085,A835,A Road,2414.327381,8470.923835,295.3008891,225812.2348,861926.6418,Achanalt,KYL,226025.9207,861474.6038,2019/P08,31868,200738,112875,4085,0.576131615
Meall Greigh,36,2,02B,2.2,1001,3284,51,OL48E 378E,NN674438,NN6740043808,267400,743808,Dundee,337735,729353,3,0,6,0,119,3,0,0,131,A827,A Road,1513.814516,28318.86023,150.7694128,242687.2207,757636.8243,Rannoch,WHL,242250.8899,757880.9871,2019/P08,31868,200738,112875,131,0.576131615
Meall na Aighean,25,2,02A,2.1,981,3219,51,OL48E OL49W 378E 386W,NN694496,NN6947749668,269477,749668,Dundee,337735,729353,3,0,6,0,119,3,0,0,131,A827,A Road,1513.814516,22999.05332,41.59613061,286676.6793,764936.5128,Blair Atholl,HGL2,287050.6008,765268.4507,2019/P08,31868,200738,112875,131,0.576131615
Meall na Teanga,192,10,10C,10.3,918,3012,34,400,NN220924,NN2202492470,222024,792470,Inverness,277161,851964,89,2,700,0,3121,108,62,3,4085,A82,A Road,12752.39019,10550.32198,270.674625,222148.2211,781920.4093,Spean Bridge,WHL,222154.1082,781420.444,2019/P08,31868,200738,112875,4085,0.576131615
Meall nan Ceapraichean,262,15,15A,15.1,977,3205,20,436N,NH257825,NH2572782547,225727,882547,Inverness,277161,851964,89,2,700,0,3121,108,62,3,4085,A835,A Road,2414.327381,20527.00632,287.9093866,232039.3112,863014.6495,Lochluichart,KYL,232193.0675,862538.8775,2019/P08,31868,200738,112875,4085,0.576131615
Meall nan Eun,68,3,03C,3.3,928,3045,50,377E,NN192449,NN1925044903,219250,744903,Glasgow,247644,666892,22,214,2555,0,3669,1636,839,158,9093,A82,A Road,12752.39019,17504.7947,259.7158088,216124.8561,727679.4315,Dalmally,OBN2,216035.5907,727187.4643,2019/P08,31868,200738,112875,9093,0.576131615
Meall nan Tarmachan,40,2,02B,2.2,1043.5,3424,51,OL48E 378E,NN585389,NN5851838998,258518,738998,Glasgow,247644,666892,22,214,2555,0,3669,1636,839,158,9093,A827,A Road,1513.814516,23904.22278,214.7177225,238869.4959,725383.7372,Crianlarich,WHL,238458.5119,725098.9703,2019/P08,31868,200738,112875,9093,0.576131615
Monadh Mor,149,8,08A,8,1113,3652,36 43,OL57S 403S,NN938942,NN9386594216,293865,794216,Inverness,277161,851964,89,2,700,0,3121,108,62,3,4085,B970,B Road,744.9473684,18329.44798,103.0873461,289714.5495,812069.3589,Aviemore,HGL2,289601.3314,812556.3719,2019/P08,31868,200738,112875,4085,0.576131615
Moruisg,222,12,12A,12.1,928,3045,25,429 430,NH101499,NH1011449939,210114,849939,Inverness,277161,851964,89,2,700,0,3121,108,62,3,4085,A890,A Road,714.9047619,9425.962371,188.6567107,200795.4192,848520.2614,Achnashellach,KYL,200301.1153,848445.0044,2019/P08,31868,200738,112875,4085,0.576131615
Mount Keen,142,7,07B,7,939,3081,44,OL54 395,NO409869,NO4090586927,340905,786927,Aberdeen,387654,812815,52,49,1960,0,7862,304,197,105,10529,B976,B Road,,33810.81481,333.8575376,371257.012,772029.8,Laurencekirk,ECN5,371705.8626,771809.4977,2019/P08,31868,200738,112875,10529,0.576131615
Mullach Clach a' Bhlair,143,8,08A,8,1019,3343,35 43,OL57S 403S,NN882927,NN8828692702,288286,792702,Inverness,277161,851964,89,2,700,0,3121,108,62,3,4085,B970,B Road,744.9473684,14382.8798,148.9496644,275963.9783,800120.5587,Kingussie,HGL2,275535.6211,800378.4542,2019/P08,31868,200738,112875,4085,0.576131615
Mullach Coire Mhic Fhearchair,245,14,14A,14.1,1015.2,3331,19,435S,NH052735,NH0520673511,205206,873511,Inverness,277161,851964,89,2,700,0,3121,108,62,3,4085,A832,A Road,1022.038961,18212.14126,306.7319452,216098.1733,858915.0194,Achnasheen,KYL,216397.2093,858514.2982,2019/P08,31868,200738,112875,4085,0.576131615
Mullach Fraoch-choire,213,11,11B,11.2,1102,3615,33,414N,NH094171,NH0949117151,209491,817151,Inverness,277161,851964,89,2,700,0,3121,108,62,3,4085,A87,A Road,2096.384615,27233.00554,127.8767628,192770.8844,838646.9141,Attadale,KYL,192463.9018,839041.5807,2019/P08,31868,200738,112875,4085,0.576131615
Mullach na Dheiragain,206,11,11A,11.1,982,3222,25 33,414N,NH080259,NH0804425917,208044,825917,Inverness,277161,851964,89,2,700,0,3121,108,62,3,4085,A87,A Road,2096.384615,19871.40345,139.8894156,192846.303,838719.4482,Attadale,KYL,192463.9018,839041.5807,2019/P08,31868,200738,112875,4085,0.576131615
Mullach nan Coirean,92,4,04A,4.1,939.3,3082,41,392,NN122662,NN1223366243,212233,766243,Glasgow,247644,666892,22,214,2555,0,3669,1636,839,158,9093,B863,B Road,777.2,7620.472634,101.9765555,210651.6648,773697.5947,Fort William,WHL,210547.9091,774186.711,2019/P08,31868,200738,112875,9093,0.576131615
Na Gruagaichean,86,4,04A,4.1,1054.2,3459,41,392,NN203652,NN2030765200,220307,765200,Glasgow,247644,666892,22,214,2555,0,3669,1636,839,158,9093,B863,B Road,777.2,12766.53044,137.3594131,210915.7178,773848.0124,Fort William,WHL,210547.9091,774186.711,2019/P08,31868,200738,112875,9093,0.576131615
Ruadh Stac Mor,242,14,14A,14.1,918.7,3014,19,433 435S,NH018756,NH0185375655,201853,875655,Inverness,277161,851964,89,2,700,0,3121,108,62,3,4085,A832,A Road,1022.038961,21979.71713,310.3152342,216073.713,858895.5464,Achnasheen,KYL,216397.2093,858514.2982,2019/P08,31868,200738,112875,4085,0.576131615
Sail Chaorainn [Sail Chaoruinn],215,11,11B,11.2,1002,3287,34,414N 414S,NH133154,NH1332115462,213321,815462,Inverness,277161,851964,89,2,700,0,3121,108,62,3,4085,A87,A Road,2096.384615,30980.39344,131.4940669,192795.173,838667.0685,Attadale,KYL,192463.9018,839041.5807,2019/P08,31868,200738,112875,4085,0.576131615
Saileag,199,11,11A,11.1,956,3136,33,414N 414S,NH017148,NH0177414828,201774,814828,Inverness,277161,851964,89,2,700,0,3121,108,62,3,4085,A87,A Road,2096.384615,24508.39719,127.5901012,186823.6749,834248.3325,Stromeferry,KYL,186518.6708,834644.53,2019/P08,31868,200738,112875,4085,0.576131615
Schiehallion,21,2,02A,2.1,1083,3553,42 51 52,OL49W 386W,NN713547,NN7138454768,271384,754768,Dundee,337735,729353,3,0,6,0,119,3,0,0,131,B846,B Road,921.2162162,18360.05953,33.83174686,286635.2627,764990.0727,Blair Atholl,HGL2,287050.6008,765268.4507,2019/P08,31868,200738,112875,131,0.576131615
Seana Bhraigh,264,15,15A,15.1,926,3038,20,436N,NH281878,NH2818187884,228181,887884,Inverness,277161,851964,89,2,700,0,3121,108,62,3,4085,A835,A Road,2414.327381,25160.70771,278.995136,232114.8922,863032.7283,Lochluichart,KYL,232193.0675,862538.8775,2019/P08,31868,200738,112875,4085,0.576131615
Sgairneach Mhor,108,5,05A,5,991,3251,42,OL50 393,NN598731,NN5988273130,259882,773130,Inverness,277161,851964,89,2,700,0,3121,108,62,3,4085,A9,A Road,9965.581518,11818.43266,73.2765964,263282.7745,784448.5725,Dalwhinnie,HGL2,263426.6504,784927.425,2019/P08,31868,200738,112875,4085,0.576131615
Sgiath Chuil,46,2,02B,2.2,920,3018,51,OL48W 378W,NN462317,NN4629031793,246290,731793,Glasgow,247644,666892,22,214,2555,0,3669,1636,839,158,9093,A85,A Road,7041.860941,9802.535585,220.5224425,238838.5877,725423.8432,Crianlarich,WHL,238458.5119,725098.9703,2019/P08,31868,200738,112875,9093,0.576131615
Sgor an Lochain Uaine,147,8,08A,8,1258,4127,36 43,OL57S 403S,NN954976,NN9542897693,295428,797693,Inverness,277161,851964,89,2,700,0,3121,108,62,3,4085,B970,B Road,744.9473684,15464.64504,111.4059373,289783.818,812090.8629,Aviemore,HGL2,289601.3314,812556.3719,2019/P08,31868,200738,112875,4085,0.576131615
Sgor Gaibhre,97,4,04B,4.2,955,3133,42,385E 385W,NN444674,NN4447767447,244477,767447,Inverness,277161,851964,89,2,700,0,3121,108,62,3,4085,B846,B Road,921.2162162,8406.372894,186.8785088,236131.1334,766440.2153,Corrour,WHL,235634.7322,766380.3331,2019/P08,31868,200738,112875,4085,0.576131615
Sgor Gaoith,144,8,08A,8,1118,3668,36 43,OL57S 403S,NN903989,NN9030098961,290300,798961,Inverness,277161,851964,89,2,700,0,3121,108,62,3,4085,B970,B Road,744.9473684,13113.31242,92.94185244,289626.9926,812057.0308,Aviemore,HGL2,289601.3314,812556.3719,2019/P08,31868,200738,112875,4085,0.576131615
Sgor na h-Ulaidh,57,3,03B,3.2,994,3261,41,384,NN111517,NN1111751793,211117,751793,Glasgow,247644,666892,22,214,2555,0,3669,1636,839,158,9093,A82,A Road,12752.39019,21900.94098,91.45574309,210560.6115,773686.8724,Fort William,WHL,210547.9091,774186.711,2019/P08,31868,200738,112875,9093,0.576131615
Sgorr Ruadh,238,13,13B,13.2,960.7,3152,25,429,NG959505,NG9590750506,195907,850506,Inverness,277161,851964,89,2,700,0,3121,108,62,3,4085,A890,A Road,714.9047619,4353.447448,334.8717604,199848.4355,848657.3273,Achnashellach,KYL,200301.1153,848445.0044,2019/P08,31868,200738,112875,4085,0.576131615
Sgurr a' Bhealaich Dheirg,200,11,11A,11.1,1036,3399,33,414N 414S,NH035143,NH0351714360,203517,814360,Inverness,277161,851964,89,2,700,0,3121,108,62,3,4085,A87,A Road,2096.384615,25965.17245,129.9628301,186839.8161,834261.2994,Stromeferry,KYL,186518.6708,834644.53,2019/P08,31868,200738,112875,4085,0.576131615
Sgurr a' Chaorachain,224,12,12A,12.1,1053,3455,25,429,NH087447,NH0874944737,208749,844737,Inverness,277161,851964,89,2,700,0,3121,108,62,3,4085,A890,A Road,714.9047619,8725.836143,156.3020342,200758.9537,848244.0468,Achnashellach,KYL,200301.1153,848445.0044,2019/P08,31868,200738,112875,4085,0.576131615
Sgurr a' Choire Ghlais,220,12,12A,12.1,1083,3553,25,430,NH258430,NH2583543056,225835,843056,Inverness,277161,851964,89,2,700,0,3121,108,62,3,4085,A831,A Road,831.6825397,17611.62269,121.4054144,216657.7544,858087.5474,Achnasheen,KYL,216397.2093,858514.2982,2019/P08,31868,200738,112875,4085,0.576131615
Sgurr a' Ghreadaidh,274,17,17B,17.2,973,3192,32,411,NG445231,NG4452523125,144525,823125,Inverness,277161,851964,89,2,700,0,3121,108,62,3,4085,A863,A Road,778.3428571,31469.39628,7.113131497,175752.1947,827021.8208,Kyle Of Lochalsh,KYL,176248.3465,827083.7353,2019/P08,31868,200738,112875,4085,0.576131615
Sgurr a' Mhadaidh,273,17,17B,17.2,918,3012,32,411,NG446235,NG4469923512,144699,823512,Inverness,277161,851964,89,2,700,0,3121,108,62,3,4085,A863,A Road,778.3428571,31250.88279,6.459015713,175751.5202,827027.4891,Kyle Of Lochalsh,KYL,176248.3465,827083.7353,2019/P08,31868,200738,112875,4085,0.576131615
Sgurr a' Mhaim,90,4,04A,4.1,1099,3606,41,392,NN164667,NN1646566730,216465,766730,Glasgow,247644,666892,22,214,2555,0,3669,1636,839,158,9093,B863,B Road,777.2,9019.165071,128.4328994,210858.7079,773795.0427,Fort William,WHL,210547.9091,774186.711,2019/P08,31868,200738,112875,9093,0.576131615
Sgurr a' Mhaoraich,171,10,10A,10.1,1027,3369,33,414S,NG983065,NG9839506551,198395,806551,Inverness,277161,851964,89,2,700,0,3121,108,62,3,4085,A87,A Road,2096.384615,26458.42454,251.7684686,190117.279,781420.7878,Glenfinnan,MLG2,189960.8502,780945.8878,2019/P08,31868,200738,112875,4085,0.576131615
Sgurr Alasdair,278,17,17B,17.2,992,3255,32,411,NG450207,NG4500220784,145002,820784,Inverness,277161,851964,89,2,700,0,3121,108,62,3,4085,A863,A Road,778.3428571,31375.08172,11.39888406,175758.209,826984.9162,Kyle Of Lochalsh,KYL,176248.3465,827083.7353,2019/P08,31868,200738,112875,4085,0.576131615
Sgurr an Doire Leathain,179,10,10A,10.1,1010,3314,33,414S,NH015098,NH0152409889,201524,809889,Inverness,277161,851964,89,2,700,0,3121,108,62,3,4085,A87,A Road,2096.384615,28448.1635,121.2217503,186777.8466,834216.9462,Stromeferry,KYL,186518.6708,834644.53,2019/P08,31868,200738,112875,4085,0.576131615
Sgurr an Lochain,180,10,10A,10.1,1004,3294,33,414S,NH005104,NH0058010421,200580,810421,Inverness,277161,851964,89,2,700,0,3121,108,62,3,4085,A87,A Road,2096.384615,27508.93401,120.1344044,186769.6859,834212.1049,Stromeferry,KYL,186518.6708,834644.53,2019/P08,31868,200738,112875,4085,0.576131615
Sgurr Ban,246,14,14A,14.1,989,3245,19,435S,NH055745,NH0558174554,205581,874554,Inverness,277161,851964,89,2,700,0,3121,108,62,3,4085,A832,A Road,1022.038961,18845.86306,303.9933555,216117.6609,858928.8494,Achnasheen,KYL,216397.2093,858514.2982,2019/P08,31868,200738,112875,4085,0.576131615
Sgurr Breac,250,14,14B,14.2,999,3278,20,435S 436S,NH158711,NH1581671122,215816,871122,Inverness,277161,851964,89,2,700,0,3121,108,62,3,4085,A832,A Road,1022.038961,12121.09143,272.6394406,216374.184,859013.7678,Achnasheen,KYL,216397.2093,858514.2982,2019/P08,31868,200738,112875,4085,0.576131615
Sgurr Choinnich,225,12,12A,12.1,999.2,3278,25,429,NH076446,NH0762544627,207625,844627,Inverness,277161,851964,89,2,700,0,3121,108,62,3,4085,A890,A Road,714.9047619,7759.324712,152.4665794,200744.486,848213.8714,Achnashellach,KYL,200301.1153,848445.0044,2019/P08,31868,200738,112875,4085,0.576131615
Sgurr Choinnich Mor,77,4,04A,4.1,1094,3589,41,392,NN227714,NN2277171419,222771,771419,Inverness,277161,851964,89,2,700,0,3121,108,62,3,4085,A82,A Road,12752.39019,9520.450967,93.52954787,222184.8898,780921.3924,Spean Bridge,WHL,222154.1082,781420.444,2019/P08,31868,200738,112875,4085,0.576131615
Sgurr Dearg - Inaccessible Pinnacle,276,17,17B,17.2,986,3235,32,411,NG444215,NG4440421566,144404,821566,Inverness,277161,851964,89,2,700,0,3121,108,62,3,4085,A863,A Road,778.3428571,31818.846,9.830155246,175755.6874,826998.3712,Kyle Of Lochalsh,KYL,176248.3465,827083.7353,2019/P08,31868,200738,112875,4085,0.576131615
Sgurr Dubh Mor,279,17,17B,17.2,944,3097,32,411,NG457205,NG4575820547,145758,820547,Inverness,277161,851964,89,2,700,0,3121,108,62,3,4085,B8083,B Road,435.625,30683.17075,12.10030792,175759.4554,826978.9234,Kyle Of Lochalsh,KYL,176248.3465,827083.7353,2019/P08,31868,200738,112875,4085,0.576131615
Sgurr Eilde Mor,83,4,04A,4.1,1010,3314,41,392,NN230657,NN2305465788,223054,765788,Inverness,277161,851964,89,2,700,0,3121,108,62,3,4085,B863,B Road,777.2,12094.66876,2.69564138,235135.2855,766356.8179,Corrour,WHL,235634.7322,766380.3331,2019/P08,31868,200738,112875,4085,0.576131615
Sgurr Fhuar-thuill,221,12,12A,12.1,1049,3442,25,430,NH235437,NH2358043754,223580,843754,Inverness,277161,851964,89,2,700,0,3121,108,62,3,4085,A890,A Road,714.9047619,15915.20287,115.9489027,216615.994,858064.7059,Achnasheen,KYL,216397.2093,858514.2982,2019/P08,31868,200738,112875,4085,0.576131615
Sgurr Fhuaran,196,11,11A,11.1,1068.7,3506,33,414N 414S,NG978166,NG9784916678,197849,816678,Inverness,277161,851964,89,2,700,0,3121,108,62,3,4085,A87,A Road,2096.384615,20740.82296,122.2369806,186785.382,834221.6055,Stromeferry,KYL,186518.6708,834644.53,2019/P08,31868,200738,112875,4085,0.576131615
Sgurr Mhic Choinnich,277,17,17B,17.2,948,3110,32,411,NG450210,NG4502121048,145021,821048,Inverness,277161,851964,89,2,700,0,3121,108,62,3,4085,A863,A Road,778.3428571,31305.30255,10.93944093,175757.4323,826988.8496,Kyle Of Lochalsh,KYL,176248.3465,827083.7353,2019/P08,31868,200738,112875,4085,0.576131615
Sgurr Mor,186,10,10B,10.2,1003,3291,33 40,398E,NM965980,NM9653598040,196535,798040,Inverness,277161,851964,89,2,700,0,3121,108,62,3,4085,A87,A Road,2096.384615,17814.69676,248.9639744,190140.3276,781412.5653,Glenfinnan,MLG2,189960.8502,780945.8878,2019/P08,31868,200738,112875,4085,0.576131615
Sgurr Mor,254,14,14B,14.2,1108,3635,20,436S,NH203718,NH2032371818,220323,871818,Inverness,277161,851964,89,2,700,0,3121,108,62,3,4085,A835,A Road,2414.327381,11311.39913,298.8705241,225784.5047,861912.4603,Achanalt,KYL,226025.9207,861474.6038,2019/P08,31868,200738,112875,4085,0.576131615
Sgurr na Banachdich,275,17,17B,17.2,965,3166,32,411,NG440224,NG4404622448,144046,822448,Inverness,277161,851964,89,2,700,0,3121,108,62,3,4085,A863,A Road,778.3428571,32034.30746,8.191818458,175753.4482,827012.4915,Kyle Of Lochalsh,KYL,176248.3465,827083.7353,2019/P08,31868,200738,112875,4085,0.576131615
Sgurr na Carnach,197,11,11A,11.1,1002,3287,33,414N 414S,NG977158,NG9771515891,197715,815891,Inverness,277161,851964,89,2,700,0,3121,108,62,3,4085,A87,A Road,2096.384615,21341.53555,120.8382641,186774.979,834215.2211,Stromeferry,KYL,186518.6708,834644.53,2019/P08,31868,200738,112875,4085,0.576131615
Sgurr na Ciche,183,10,10B,10.2,1040,3412,33 40,398E,NM902966,NM9022396684,190223,796684,Inverness,277161,851964,89,2,700,0,3121,108,62,3,4085,A830,A Road,2360.52381,15240.29536,269.0457122,189969.1775,781445.8185,Glenfinnan,MLG2,189960.8502,780945.8878,2019/P08,31868,200738,112875,4085,0.576131615
Sgurr na Ciste Duibhe,198,11,11A,11.1,1027,3369,33,414N 414S,NG984149,NG9840114953,198401,814953,Inverness,277161,851964,89,2,700,0,3121,108,62,3,4085,A87,A Road,2096.384615,22498.82825,121.1077623,186776.9955,834216.4315,Stromeferry,KYL,186518.6708,834644.53,2019/P08,31868,200738,112875,4085,0.576131615
Sgurr na Lapaich,229,12,12B,12.2,1151,3776,25,430,NH161351,NH1610335125,216103,835125,Inverness,277161,851964,89,2,700,0,3121,108,62,3,4085,A831,A Road,831.6825397,20166.93198,139.8711979,200683.4141,848122.7504,Achnashellach,KYL,200301.1153,848445.0044,2019/P08,31868,200738,112875,4085,0.576131615
Sgurr na Ruaidhe,218,12,12A,12.1,993,3258,25,430,NH289426,NH2890042615,228900,842615,Inverness,277161,851964,89,2,700,0,3121,108,62,3,4085,A831,A Road,831.6825397,18577.34225,98.6648329,226101.2477,860980.3105,Achanalt,KYL,226025.9207,861474.6038,2019/P08,31868,200738,112875,4085,0.576131615
Sgurr na Sgine,174,10,10A,10.1,946,3104,33,414S,NG946113,NG9461811368,194618,811368,Inverness,277161,851964,89,2,700,0,3121,108,62,3,4085,A87,A Road,2096.384615,23674.95617,139.4521173,176628.278,826758.6936,Kyle Of Lochalsh,KYL,176248.3465,827083.7353,2019/P08,31868,200738,112875,4085,0.576131615
Sgurr nan Ceathreamhnan [Sgurr nan Ceathramhnan],205,11,11A,11.1,1151,3776,25 33,414N,NH057228,NH0570222851,205702,822851,Inverness,277161,851964,89,2,700,0,3121,108,62,3,4085,A87,A Road,2096.384615,20413.68326,129.2708738,192780.3955,838654.4997,Attadale,KYL,192463.9018,839041.5807,2019/P08,31868,200738,112875,4085,0.576131615
Sgurr nan Clach Geala,252,14,14B,14.2,1093,3586,20,436S,NH184714,NH1842871474,218428,871474,Inverness,277161,851964,89,2,700,0,3121,108,62,3,4085,A832,A Road,1022.038961,12058.51597,307.2289481,225723.42,861872.716,Achanalt,KYL,226025.9207,861474.6038,2019/P08,31868,200738,112875,4085,0.576131615
Sgurr nan Coireachan,185,10,10B,10.2,953,3127,33 40,398E,NM933958,NM9330895827,193308,795827,Inverness,277161,851964,89,2,700,0,3121,108,62,3,4085,A830,A Road,2360.52381,14752.89848,257.3236494,190070.572,781433.7004,Glenfinnan,MLG2,189960.8502,780945.8878,2019/P08,31868,200738,112875,4085,0.576131615
Sgurr nan Coireachan,195,10,10D,10.4,956,3136,40,398E,NM902880,NM9029088013,190290,788013,Inverness,277161,851964,89,2,700,0,3121,108,62,3,4085,A830,A Road,2360.52381,6574.773102,267.3333838,189984.1124,781445.3464,Glenfinnan,MLG2,189960.8502,780945.8878,2019/P08,31868,200738,112875,4085,0.576131615
Sgurr nan Conbhairean,216,11,11B,11.2,1109,3638,34,414N 414S,NH129138,NH1298713895,212987,813895,Inverness,277161,851964,89,2,700,0,3121,108,62,3,4085,A87,A Road,2096.384615,31958.40539,129.219216,192780.0464,838654.2145,Attadale,KYL,192463.9018,839041.5807,2019/P08,31868,200738,112875,4085,0.576131615
Sgurr nan Each,253,14,14B,14.2,923,3028,20,436S,NH184697,NH1846469770,218464,869770,Inverness,277161,851964,89,2,700,0,3121,108,62,3,4085,A832,A Road,1022.038961,10724.8048,312.3516883,225689.081,861844.1156,Achanalt,KYL,226025.9207,861474.6038,2019/P08,31868,200738,112875,4085,0.576131615
Sgurr nan Eag,280,17,17B,17.2,926.2,3039,32,411,NG457195,NG4570519536,145705,819536,Inverness,277161,851964,89,2,700,0,3121,108,62,3,4085,B8083,B Road,435.625,30851.73769,314.1973802,167212.7435,797417.0785,Mallaig,MLG2,167561.3097,797058.6073,2019/P08,31868,200738,112875,4085,0.576131615
Sgurr nan Gillean,270,17,17B,17.2,964,3163,32,411,NG471253,NG4715925303,147159,825303,Inverness,277161,851964,89,2,700,0,3121,108,62,3,4085,A863,A Road,778.3428571,28643.80034,3.503050691,175749.2807,827053.1845,Kyle Of Lochalsh,KYL,176248.3465,827083.7353,2019/P08,31868,200738,112875,4085,0.576131615
Sgurr Thuilm,194,10,10D,10.4,963,3159,40,398E,NM939879,NM9390687980,193906,787980,Inverness,277161,851964,89,2,700,0,3121,108,62,3,4085,A830,A Road,2360.52381,7564.92042,240.7136912,190205.4372,781381.9809,Glenfinnan,MLG2,189960.8502,780945.8878,2019/P08,31868,200738,112875,4085,0.576131615
Slioch,241,14,14A,14.1,981,3219,19,433 435S,NH004690,NH0046869076,200468,869076,Inverness,277161,851964,89,2,700,0,3121,108,62,3,4085,A832,A Road,1022.038961,18612.54179,326.4540327,215980.4879,858790.6011,Achnasheen,KYL,216397.2093,858514.2982,2019/P08,31868,200738,112875,4085,0.576131615
Spidean Mialach,172,10,10A,10.1,996,3268,33,414S,NH065043,NH0659204306,206592,804306,Inverness,277161,851964,89,2,700,0,3121,108,62,3,4085,A87,A Road,2096.384615,25516.82562,267.4430331,205453.626,778814.58,Loch Eil,MLG2,205431.3197,778315.0778,2019/P08,31868,200738,112875,4085,0.576131615
Sron a' Choire Ghairbh,191,10,10C,10.3,937,3074,34,400,NN222945,NN2224794560,222247,794560,Inverness,277161,851964,89,2,700,0,3121,108,62,3,4085,A82,A Road,12752.39019,12639.88435,269.5949468,222157.6429,781920.4315,Spean Bridge,WHL,222154.1082,781420.444,2019/P08,31868,200738,112875,4085,0.576131615
Stob a' Choire Mheadhoin,82,4,04A,4.1,1105,3625,41,392,NN316736,NN3165273643,231652,773643,Inverness,277161,851964,89,2,700,0,3121,108,62,3,4085,A86,A Road,1161.698413,7148.835203,59.309284,235300.7911,779790.5335,Tulloch,WHL,235555.9929,780220.501,2019/P08,31868,200738,112875,4085,0.576131615
Stob a' Choire Odhair,70,3,03C,3.3,945,3100,50,377E 384,NN257459,NN2573145982,225731,745982,Glasgow,247644,666892,22,214,2555,0,3669,1636,839,158,9093,A82,A Road,12752.39019,16847.04816,293.9596111,232572.461,730586.6292,Tyndrum Lower,OBN2,232775.5073,730129.7132,2019/P08,31868,200738,112875,9093,0.576131615
Stob Ban,80,4,04A,4.1,977,3205,41,392,NN266723,NN2666972394,226669,772394,Inverness,277161,851964,89,2,700,0,3121,108,62,3,4085,A86,A Road,1161.698413,8165.632378,86.30442963,227195.3171,780542.6528,Roy Bridge,WHL,227227.5447,781041.6131,2019/P08,31868,200738,112875,4085,0.576131615
Stob Ban,80,4,04A,4.1,977,3205,41,392,NN266723,NN2666972394,226669,772394,Glasgow,247644,666892,22,214,2555,0,3669,1636,839,158,9093,A86,A Road,1161.698413,8165.632378,86.30442963,227195.3171,780542.6528,Roy Bridge,WHL,227227.5447,781041.6131,2019/P08,31868,200738,112875,9093,0.576131615
Stob Ban,91,4,04A,4.1,999.7,3280,41,392,NN147654,NN1477765443,214777,765443,Inverness,277161,851964,89,2,700,0,3121,108,62,3,4085,B863,B Road,777.2,9212.759232,115.8117684,210765.6171,773736.5963,Fort William,WHL,210547.9091,774186.711,2019/P08,31868,200738,112875,4085,0.576131615
Stob Ban,91,4,04A,4.1,999.7,3280,41,392,NN147654,NN1477765443,214777,765443,Glasgow,247644,666892,22,214,2555,0,3669,1636,839,158,9093,B863,B Road,777.2,9212.759232,115.8117684,210765.6171,773736.5963,Fort William,WHL,210547.9091,774186.711,2019/P08,31868,200738,112875,9093,0.576131615
Stob Binnein,6,1,01C,1.3,1165,3822,51,OL46N 365N,NN434227,NN4348122712,243481,722712,Glasgow,247644,666892,22,214,2555,0,3669,1636,839,158,9093,A85,A Road,7041.860941,5060.846512,154.5802905,238910.1057,724884.3474,Crianlarich,WHL,238458.5119,725098.9703,2019/P08,31868,200738,112875,9093,0.576131615
Stob Choire Claurigh,79,4,04A,4.1,1177,3862,41,392,NN261738,NN2619673878,226196,773878,Inverness,277161,851964,89,2,700,0,3121,108,62,3,4085,A86,A Road,1161.698413,6737.502132,81.8058588,227156.2808,780546.7177,Roy Bridge,WHL,227227.5447,781041.6131,2019/P08,31868,200738,112875,4085,0.576131615
Stob Coir' an Albannaich,67,3,03C,3.3,1044,3425,50,377W,NN169443,NN1695244305,216952,744305,Glasgow,247644,666892,22,214,2555,0,3669,1636,839,158,9093,A82,A Road,12752.39019,16642.04872,266.9355222,216062.3206,727686.7493,Dalmally,OBN2,216035.5907,727187.4643,2019/P08,31868,200738,112875,9093,0.576131615
Stob Coire a' Chairn,88,4,04A,4.1,981.4,3220,41,392,NN185660,NN1855966062,218559,766062,Glasgow,247644,666892,22,214,2555,0,3669,1636,839,158,9093,B863,B Road,777.2,10910.0178,134.596559,210898.9642,773830.6769,Fort William,WHL,210547.9091,774186.711,2019/P08,31868,200738,112875,9093,0.576131615
Stob Coire an Laoigh,78,4,04A,4.1,1116,3661,41,392,NN239725,NN2398472532,223984,772532,Inverness,277161,851964,89,2,700,0,3121,108,62,3,4085,A86,A Road,1161.698413,8574.852106,101.6331271,222254.9303,780930.7146,Spean Bridge,WHL,222154.1082,781420.444,2019/P08,31868,200738,112875,4085,0.576131615
Stob Coire Easain,81,4,04A,4.1,1115,3658,41,392,NN308730,NN3080273066,230802,773066,Inverness,277161,851964,89,2,700,0,3121,108,62,3,4085,A86,A Road,1161.698413,7749.451037,305.8612729,235341.8198,766785.552,Corrour,WHL,235634.7322,766380.3331,2019/P08,31868,200738,112875,4085,0.576131615
Stob Coire Sgreamhach,54,3,03B,3.2,1072,3517,41,384,NN154536,NN1548753665,215487,753665,Glasgow,247644,666892,22,214,2555,0,3669,1636,839,158,9093,A82,A Road,12752.39019,20607.70573,103.5323702,210664.9064,773700.5921,Fort William,WHL,210547.9091,774186.711,2019/P08,31868,200738,112875,9093,0.576131615
Stob Coire Sgriodain,93,4,04B,4.2,979,3212,41,OL50 393,NN356743,NN3566974381,235669,774381,Inverness,277161,851964,89,2,700,0,3121,108,62,3,4085,A86,A Road,1161.698413,5340.594365,91.1086601,235565.6672,779720.5946,Tulloch,WHL,235555.9929,780220.501,2019/P08,31868,200738,112875,4085,0.576131615
Stob Daimh [Stob Diamh],61,3,03C,3.3,999.2,3278,50,377W,NN094308,NN0948230858,209482,730858,Glasgow,247644,666892,22,214,2555,0,3669,1636,839,158,9093,A85,A Road,7041.860941,3849.048781,248.9553935,208099.8271,727265.6784,Falls Of Cruachan,OBN2,207920.2798,726799.0278,2019/P08,31868,200738,112875,9093,0.576131615
Stob Ghabhar,69,3,03C,3.3,1090,3576,50,377E 384,NN230455,NN2301745515,223017,745515,Glasgow,247644,666892,22,214,2555,0,3669,1636,839,158,9093,A82,A Road,12752.39019,17719.09753,302.3859468,232507.6975,730551.9429,Tyndrum Lower,OBN2,232775.5073,730129.7132,2019/P08,31868,200738,112875,9093,0.576131615
Stob Poite Coire Ardair,166,9,09C,9.3,1054,3458,34 42,OL55 401,NN428888,NN4288588844,242885,788844,Inverness,277161,851964,89,2,700,0,3121,108,62,3,4085,A86,A Road,1161.698413,10817.20284,229.6391938,235879.7923,780601.4917,Tulloch,WHL,235555.9929,780220.501,2019/P08,31868,200738,112875,4085,0.576131615
Stuc a' Chroin,3,1,01B,1.2,975,3199,57,OL46N OL47W 365N 368W,NN617174,NN6174617465,261746,717465,Glasgow,247644,666892,22,214,2555,0,3669,1636,839,158,9093,A84,A Road,6365.75,22713.08991,314.7754675,277743.518,701341.6049,Dunblane,SCM3,278095.6832,700986.6687,2019/P08,31868,200738,112875,9093,0.576131615
Stuchd an Lochain [Stuc an Lochain],26,2,02A,2.1,960,3150,51,OL48W 378W,NN483448,NN4830544840,248305,744840,Glasgow,247644,666892,22,214,2555,0,3669,1636,839,158,9093,B846,B Road,921.2162162,13877.74647,114.9024776,242461.4274,757427.4742,Rannoch,WHL,242250.8899,757880.9871,2019/P08,31868,200738,112875,9093,0.576131615
The Cairnwell,127,6,06B,6.2,933,3061,43,OL52N 387N,NO134773,NO1348677358,313486,777358,Dundee,337735,729353,3,0,6,0,119,3,0,0,131,A93,A Road,5186.125,26986.22695,224.61188,294275.0328,758405.5546,Pitlochry,HGL2,293919.0926,758054.4043,2019/P08,31868,200738,112875,131,0.576131615
The Devil's Point,148,8,08A,8,1004,3294,36 43,OL57S 403S,NN976951,NN9761095117,297610,795117,Inverness,277161,851964,89,2,700,0,3121,108,62,3,4085,B970,B Road,744.9473684,18690.37428,114.6659684,289809.9951,812101.9938,Aviemore,HGL2,289601.3314,812556.3719,2019/P08,31868,200738,112875,4085,0.576131615
The Saddle,173,10,10A,10.1,1011.4,3318,33,414N 414S,NG936131,NG9361013124,193610,813124,Inverness,277161,851964,89,2,700,0,3121,108,62,3,4085,A87,A Road,2096.384615,21777.81906,141.1987824,176638.0088,826770.4251,Kyle Of Lochalsh,KYL,176248.3465,827083.7353,2019/P08,31868,200738,112875,4085,0.576131615
Toll Creagach,212,11,11A,11.1,1054,3458,25,415,NH194282,NH1940128280,219401,828280,Inverness,277161,851964,89,2,700,0,3121,108,62,3,4085,A831,A Road,831.6825397,27274.68268,133.4461461,200644.9515,848081.9939,Achnashellach,KYL,200301.1153,848445.0044,2019/P08,31868,200738,112875,4085,0.576131615
Tolmount,137,7,07A,7,958,3143,44,OL53N 388N,NO210800,NO2105180017,321051,780017,Dundee,337735,729353,3,0,6,0,119,3,0,0,131,A93,A Road,5186.125,34406.96219,218.9892981,294307.7243,758368.9919,Pitlochry,HGL2,293919.0926,758054.4043,2019/P08,31868,200738,112875,131,0.576131615
Tom a' Choinich,211,11,11A,11.1,1112,3648,25,415,NH164273,NH1640227331,216402,827331,Inverness,277161,851964,89,2,700,0,3121,108,62,3,4085,A87,A Road,2096.384615,26052.58311,127.3280194,200604.304,848047.4159,Achnashellach,KYL,200301.1153,848445.0044,2019/P08,31868,200738,112875,4085,0.576131615
Tom Buidhe,136,7,07A,7,957,3140,44,OL53N 388N,NO213787,NO2136778774,321367,778774,Dundee,337735,729353,3,0,6,0,119,3,0,0,131,A93,A Road,5186.125,33890.24959,217.0480519,294318.1579,758355.6466,Pitlochry,HGL2,293919.0926,758054.4043,2019/P08,31868,200738,112875,131,0.576131615
